Date,Season,Team1,Team2,City,WinningTeam,WonBy,Margin
13-04-2023,2023,Punjab Kings,Gujarat Titans,Mohali,Gujarat Titans,Wickets,6
14-04-2023,2023,Kolkata Knight Riders,Sunrisers Hyderabad,Mohali,Sunrisers Hyderabad,Runs,23
15-04-2023,2023,Royal Challengers Bangalore,Delhi Capitals,Kolkata,Royal Challengers Banglore,Runs,23
15-04-2023,2023,Lucknow Super Giants,Punjab Kings,Bengaluru,Punjab Kings,Wickets,2
16-04-2023,2023,Mumbai Indians,Kolkata Knight Riders,Lucknow,Mumbai Indians,Wickets,5
16-04-2023,2023,Gujarat Titans,Rajasthan Royals,Mumbai,Rajasthan Royals,Wickets,3
17-04-2023,2023,Royal Challengers Bangalore,Chennai Super Kings,Ahmedabad,Chennai Super Kings,Runs,8
18-04-2023,2023,Sunrisers Hyderabad,Mumbai Indians,Bengaluru,Mumbai Indians,Runs,14
19-04-2023,2023,Rajasthan Royals,Lucknow Super Giants,Hyderabad,Lucknow Super Giants,Runs,10
20-04-2023,2023,Punjab Kings,Royal Challengers Bangalore,Jaipur,Royal Challengers Banglore,Runs,24
20-04-2023,2023,Delhi Capitals,Kolkata Knight Riders,Mohali,Delhi Capitals,Wickets,4
21-04-2023,2023,Chennai Super Kings,Sunrisers Hyderabad,Delhi,Chennai Super Kings,Wickets,7
22-04-2023,2023,Lucknow Super Giants,Gujarat Titans,Chennai,Gujarat Titans,Runs,7
22-04-2023,2023,Mumbai Indians,Punjab Kings,Lucknow,Punjab Kings,Runs,13
23-04-2023,2023,Royal Challengers Bangalore,Rajasthan Royals,Mumbai,Royal Challengers Banglore,Runs,7
23-04-2023,2023,Kolkata Knight Riders,Chennai Super Kings,Bengaluru,Chennai Super Kings,Runs,49
31-03-2023,2023,Gujarat Titans,Chennai Super Kings,Chennai,Gujarat Titans,Wickets,5
04-01-2023,2023,Punjab Kings,Kolkata Knight Riders,Ahmedabad,Punjab Kings,Runs,7
04-01-2023,2023,Lucknow Super Giants,Delhi Capitals,Mohali,Lucknow Super Giants,Runs,50
04-02-2023,2023,Sunrisers Hyderabad,Rajasthan Royals,Lucknow,Rajasthan Royals,Runs,72
04-02-2023,2023,Royal Challengers Bangalore,Mumbai Indians,Hyderabad,Royal Challengers Banglore,Wickets,8
04-03-2023,2023,Chennai Super Kings,Lucknow Super Giants,Bengaluru,Chennai Super Kings,Runs,12
04-04-2023,2023,Delhi Capitals,Gujarat Titans,Chennai,Gujarat Titans,Wickets,6
04-05-2023,2023,Rajasthan Royals,Punjab Kings,Delhi,Punjab Kings,Runs,5
04-06-2023,2023,Kolkata Knight Riders,Royal Challengers Bangalore,Guwahati,Kolakata Knight Riders,Runs,81
04-07-2023,2023,Lucknow Super Giants,Sunrisers Hyderabad,Kolkata,Lucknow Super Giants,Wickets,5
04-08-2023,2023,Rajasthan Royals,Delhi Capitals,Lucknow,Rajasthan Royals,Runs,57
04-08-2023,2023,Mumbai Indians,Chennai Super Kings,Guwahati,Chennai Super Kings,Wickets,7
04-09-2023,2023,Gujarat Titans,Kolkata Knight Riders,Mumbai,Kolakata Knight Riders,Wickets,3
04-09-2023,2023,Sunrisers Hyderabad,Punjab Kings,Ahmedabad,Sunrisers Hyderabad,Wickets,8
04-10-2023,2023,Royal Challengers Bangalore,Lucknow Super Giants,Hyderabad,Lucknow Super Giants,Wickets,1
04-11-2023,2023,Delhi Capitals,Mumbai Indians,Bengaluru,Mumbai Indians,Wickets,6
04-12-2023,2023,Chennai Super Kings,Rajasthan Royals,Delhi,Rajasthan Royals,Runs,3
24-04-2023,2023,Sunrisers Hyderabad,Delhi Capitals,Chennai,Delhi Capitals,Runs,7
25-04-2023,2023,Gujarat Titans,Mumbai Indians,Hyderabad,Gujarat Titans,Runs,55
26-04-2023,2023,Royal Challengers Bangalore,Kolkata Knight Riders,Ahmedabad,Kolkata Knight Riders,Runs,21
27-04-2023,2023,Rajasthan Royals,Chennai Super Kings,Bengaluru,Rajasthan Royals,Runs,32
28-04-2023,2023,Punjab Kings,Lucknow Super Giants,Jaipur,Lucknow Super Giants,Runs,56
29-04-2023,2023,Kolkata Knight Riders,Gujarat Titans,Kolkata,Gujarat Titans,Wickets,7
29-04-2023,2023,Delhi Capitals,Sunrisers Hyderabad,Delhi,Sunrisers Hyderabad,Runs,9
30-04-2023,2023,Chennai Super Kings,Punjab Kings,Chennai,Punjab Kings,Wickets,4
30-04-2023,2023,Mumbai Indians,Rajasthan Royals,Mumbai,Mumbai Indians,Wickets,6
01-05-2023,2023,Lucknow Super Giants,Royal Challengers Bangalore,Lucknow,Royal Challengers Bangalore,Runs,18
02-05-2023,2023,Gujarat Titans,Delhi Capitals,Ahmedabad,Delhi Capitals,Runs,5
03-05-2023,2023,Punjab Kings,Mumbai Indians,Mohali,Mumbai Indians,Wickets,6
04-05-2023,2023,Lucknow Super Giants,Chennai Super Kings,Lucknow,Draw,,
04-05-2023,2023,Sunrisers Hyderabad,Kolkata Knight Riders,Hyderabad,Kolkata Knight Riders,Runs,5
05-05-2023,2023,Rajasthan Royals,Gujarat Titans,Jaipur,Gujarat Titans,Wickets,9
06-05-2023,2023,Chennai Super Kings,Mumbai Indians,Chennai,Chennai Super Kings,Wickets,6
06-05-2023,2023,Delhi Capitals,Royal Challengers Bangalore,Delhi,Delhi Capitals,Wickets,7
07-05-2023,2023,Gujarat Titans,Lucknow Super Giants,Ahmedabad,Gujarat Titans,Runs,56
07-05-2023,2023,Rajasthan Royals,Sunrisers Hyderabad,Jaipur,Sunrisers Hyderabad,Wickets,4
08-05-2023,2023,Kolkata Knight Riders,Punjab Kings,Kolkata,Kolkata Knight Riders,Wickets,5
09-05-2023,2023,Mumbai Indians,Royal Challengers Bangalore,Mumbai,Mumbai Indians,Wickets,6
10-05-2023,2023,Chennai Super Kings,Delhi Capitals,Chennai,Chennai Super Kings,Runs,27
11-May-23,2023,Kolkata Knight Riders,Rajasthan Royals,Kolkata,Rajasthan Royals,Wickets,9
12-May-23,2023,Mumbai Indians,Gujarat Titans,Mumbai,Mumbai Indians,Runs,27
13-May-23,2023,Sunrisers Hyderabad,Lucknow Super Giants,Hyderabad,Lucknow Super Giants,Wickets,7
13-May-23,2023,Delhi Capitals,Punjab Kings,Delhi,Punjab Kings,Runs,31
14-May-23,2023,Rajasthan Royals,Royal Challengers Bangalore,Jaipur,Royal Challengers Bangalore,Runs,112
14-May-23,2023,Chennai Super Kings,Kolkata Knight Riders,Chennai,Kolkata Knight Riders,Wickets ,6
15-May-23,2023,Gujarat Titans,Sunrisers Hyderabad,Ahmedabad,Gujarat Titans,Runs,34
16-May-23,2023,Lucknow Super Giants,Mumbai Indians,Lucknow,Lucknow Super Giants,Runs,5
17-May-23,2023,Punjab Kings,Delhi Capitals,Dharamshala,Delhi Capitals,Runs,15
29-05-2022,2022,Rajasthan Royals,Gujarat Titans,Kolkata,Gujarat Titans,Wickets,7
27-05-2022,2022,Royal Challengers Bangalore,Rajasthan Royals,Ahmedabad,Rajasthan Royals,Wickets,7
25-05-2022,2022,Royal Challengers Bangalore,Lucknow Super Giants,Ahmedabad,Royal Challengers Bangalore,Runs,14
24-05-2022,2022,Rajasthan Royals,Gujarat Titans,Kolkata,Gujarat Titans,Wickets,7
22-05-2022,2022,Sunrisers Hyderabad,Punjab Kings,Kolkata,Punjab Kings,Wickets,5
21-05-2022,2022,Delhi Capitals,Mumbai Indians,Mumbai,Mumbai Indians,Wickets,5
20-05-2022,2022,Chennai Super Kings,Rajasthan Royals,Mumbai,Rajasthan Royals,Wickets,5
19-05-2022,2022,Gujarat Titans,Royal Challengers Bangalore,Mumbai,Royal Challengers Bangalore,Wickets,8
18-05-2022,2022,Lucknow Super Giants,Kolkata Knight Riders,Mumbai,Lucknow Super Giants,Runs,2
17-05-2022,2022,Sunrisers Hyderabad,Mumbai Indians,Navi Mumbai,Sunrisers Hyderabad,Runs,3
16-05-2022,2022,Delhi Capitals,Punjab Kings,Mumbai,Delhi Capitals,Runs,17
15-05-2022,2022,Rajasthan Royals,Lucknow Super Giants,Navi Mumbai,Rajasthan Royals,Runs,24
15-05-2022,2022,Chennai Super Kings,Gujarat Titans,Mumbai,Gujarat Titans,Wickets,7
14-05-2022,2022,Kolkata Knight Riders,Sunrisers Hyderabad,Mumbai,Kolkata Knight Riders,Runs,54
13-05-2022,2022,Punjab Kings,Royal Challengers Bangalore,Pune,Punjab Kings,Runs,54
05-12-2022,2022,Chennai Super Kings,Mumbai Indians,Mumbai,Mumbai Indians,Wickets,5
05-11-2022,2022,Rajasthan Royals,Delhi Capitals,Mumbai,Delhi Capitals,Wickets,8
05-10-2022,2022,Gujarat Titans,Lucknow Super Giants,Navi Mumbai,Gujarat Titans,Runs,62
05-09-2022,2022,Kolkata Knight Riders,Mumbai Indians,Pune,Kolkata Knight Riders,Runs,52
05-08-2022,2022,Chennai Super Kings,Delhi Capitals,Navi Mumbai,Chennai Super Kings,Runs,91
05-08-2022,2022,Royal Challengers Bangalore,Sunrisers Hyderabad,Navi Mumbai,Royal Challengers Bangalore,Runs,67
05-07-2022,2022,Lucknow Super Giants,Kolkata Knight Riders,Mumbai,Lucknow Super Giants,Runs,75
05-07-2022,2022,Punjab Kings,Rajasthan Royals,Pune,Rajasthan Royals,Wickets,6
05-06-2022,2022,Mumbai Indians,Gujarat Titans,Mumbai,Mumbai Indians,Runs,5
05-05-2022,2022,Delhi Capitals,Sunrisers Hyderabad,Mumbai,Delhi Capitals,Runs,21
05-04-2022,2022,Royal Challengers Bangalore,Chennai Super Kings,Mumbai,Royal Challengers Bangalore,Runs,13
05-03-2022,2022,Gujarat Titans,Punjab Kings,Pune,Punjab Kings,Wickets,8
05-02-2022,2022,Rajasthan Royals,Kolkata Knight Riders,Navi Mumbai,Kolkata Knight Riders,Wickets,7
05-01-2022,2022,Chennai Super Kings,Sunrisers Hyderabad,Mumbai,Chennai Super Kings,Runs,13
05-01-2022,2022,Lucknow Super Giants,Delhi Capitals,Pune,Lucknow Super Giants,Runs,6
30-04-2022,2022,Rajasthan Royals,Mumbai Indians,Mumbai,Mumbai Indians,Wickets,5
30-04-2022,2022,Royal Challengers Bangalore,Gujarat Titans,Navi Mumbai,Gujarat Titans,Wickets,6
29-04-2022,2022,Lucknow Super Giants,Punjab Kings,Mumbai,Lucknow Super Giants,Runs,20
28-04-2022,2022,Kolkata Knight Riders,Delhi Capitals,Pune,Delhi Capitals,Wickets,4
27-04-2022,2022,Sunrisers Hyderabad,Gujarat Titans,Mumbai,Gujarat Titans,Wickets,5
26-04-2022,2022,Rajasthan Royals,Royal Challengers Bangalore,Mumbai,Rajasthan Royals,Runs,29
25-04-2022,2022,Punjab Kings,Chennai Super Kings,Pune,Punjab Kings,Runs,11
24-04-2022,2022,Lucknow Super Giants,Mumbai Indians,Mumbai,Lucknow Super Giants,Runs,36
23-04-2022,2022,Royal Challengers Bangalore,Sunrisers Hyderabad,Mumbai,Sunrisers Hyderabad,Wickets,9
23-04-2022,2022,Gujarat Titans,Kolkata Knight Riders,Mumbai,Gujarat Titans,Runs,8
22-04-2022,2022,Rajasthan Royals,Delhi Capitals,Navi Mumbai,Rajasthan Royals,Runs,15
21-04-2022,2022,Mumbai Indians,Chennai Super Kings,Mumbai,Chennai Super Kings,Wickets,3
20-04-2022,2022,Punjab Kings,Delhi Capitals,Navi Mumbai,Delhi Capitals,Wickets,9
19-04-2022,2022,Royal Challengers Bangalore,Lucknow Super Giants,Mumbai,Royal Challengers Bangalore,Runs,18
18-04-2022,2022,Rajasthan Royals,Kolkata Knight Riders,Mumbai,Rajasthan Royals,Runs,7
17-04-2022,2022,Chennai Super Kings,Gujarat Titans,Mumbai,Gujarat Titans,Wickets,3
17-04-2022,2022,Punjab Kings,Sunrisers Hyderabad,Pune,Sunrisers Hyderabad,Wickets,7
16-04-2022,2022,Royal Challengers Bangalore,Delhi Capitals,Mumbai,Royal Challengers Bangalore,Runs,16
16-04-2022,2022,Lucknow Super Giants,Mumbai Indians,Mumbai,Lucknow Super Giants,Runs,18
15-04-2022,2022,Kolkata Knight Riders,Sunrisers Hyderabad,Mumbai,Sunrisers Hyderabad,Wickets,7
14-04-2022,2022,Gujarat Titans,Rajasthan Royals,Mumbai,Gujarat Titans,Runs,37
13-04-2022,2022,Punjab Kings,Mumbai Indians,Mumbai,Punjab Kings,Runs,12
04-12-2022,2022,Chennai Super Kings,Royal Challengers Bangalore,Pune,Chennai Super Kings,Runs,23
04-11-2022,2022,Gujarat Titans,Sunrisers Hyderabad,Mumbai,Sunrisers Hyderabad,Wickets,8
04-10-2022,2022,Rajasthan Royals,Lucknow Super Giants,Mumbai,Rajasthan Royals,Runs,3
04-10-2022,2022,Delhi Capitals,Kolkata Knight Riders,Mumbai,Delhi Capitals,Runs,44
04-09-2022,2022,Mumbai Indians,Royal Challengers Bangalore,Mumbai,Royal Challengers Bangalore,Wickets,7
04-09-2022,2022,Chennai Super Kings,Sunrisers Hyderabad,Pune,Sunrisers Hyderabad,Wickets,8
04-08-2022,2022,Punjab Kings,Gujarat Titans,Mumbai,Gujarat Titans,Wickets,6
04-07-2022,2022,Delhi Capitals,Lucknow Super Giants,Mumbai,Lucknow Super Giants,Wickets,6
04-06-2022,2022,Mumbai Indians,Kolkata Knight Riders,Mumbai,Kolkata Knight Riders,Wickets,5
04-05-2022,2022,Rajasthan Royals,Royal Challengers Bangalore,Pune,Royal Challengers Bangalore,Wickets,4
04-04-2022,2022,Lucknow Super Giants,Sunrisers Hyderabad,Mumbai,Lucknow Super Giants,Runs,12
04-03-2022,2022,Punjab Kings,Chennai Super Kings,Mumbai,Punjab Kings,Runs,54
04-02-2022,2022,Gujarat Titans,Delhi Capitals,Mumbai,Gujarat Titans,Runs,14
04-02-2022,2022,Rajasthan Royals,Mumbai Indians,Pune,Rajasthan Royals,Runs,23
04-01-2022,2022,Punjab Kings,Kolkata Knight Riders,Mumbai,Kolkata Knight Riders,Wickets,6
31-03-2022,2022,Chennai Super Kings,Lucknow Super Giants,Mumbai,Lucknow Super Giants,Wickets,6
30-03-2022,2022,Kolkata Knight Riders,Royal Challengers Bangalore,Mumbai,Royal Challengers Bangalore,Wickets,3
29-03-2022,2022,Rajasthan Royals,Sunrisers Hyderabad,Mumbai,Rajasthan Royals,Runs,61
28-03-2022,2022,Lucknow Super Giants,Gujarat Titans,Pune,Gujarat Titans,Wickets,5
27-03-2022,2022,Royal Challengers Bangalore,Punjab Kings,Mumbai,Punjab Kings,Wickets,5
27-03-2022,2022,Mumbai Indians,Delhi Capitals,Mumbai,Delhi Capitals,Wickets,4
26-03-2022,2022,Chennai Super Kings,Kolkata Knight Riders,Mumbai,Kolkata Knight Riders,Wickets,6
15-10-2021,2021,Chennai Super Kings,Kolkata Knight Riders,Mumbai,Chennai Super Kings,Runs,27
13-10-2021,2021,Delhi Capitals,Kolkata Knight Riders,Dubai,Kolkata Knight Riders,Wickets,3
10-11-2021,2021,Royal Challengers Bangalore,Kolkata Knight Riders,Sharjah,Kolkata Knight Riders,Wickets,4
10-10-2021,2021,Delhi Capitals,Chennai Super Kings,Sharjah,Chennai Super Kings,Wickets,4
10-08-2021,2021,Delhi Capitals,Royal Challengers Bangalore,Dubai,Royal Challengers Bangalore,Wickets,7
10-08-2021,2021,Mumbai Indians,Sunrisers Hyderabad,Dubai,Mumbai Indians,Runs,42
10-07-2021,2021,Kolkata Knight Riders,Rajasthan Royals,Abu Dhabi,Kolkata Knight Riders,Runs,86
10-07-2021,2021,Chennai Super Kings,Punjab Kings,Sharjah,Punjab Kings,Wickets,6
10-06-2021,2021,Sunrisers Hyderabad,Royal Challengers Bangalore,Dubai,Sunrisers Hyderabad,Runs,4
10-05-2021,2021,Rajasthan Royals,Mumbai Indians,Abu Dhabi,Mumbai Indians,Wickets,8
10-04-2021,2021,Chennai Super Kings,Delhi Capitals,Sharjah,Delhi Capitals,Wickets,3
10-03-2021,2021,Royal Challengers Bangalore,Punjab Kings,Dubai,Royal Challengers Bangalore,Runs,6
10-03-2021,2021,Sunrisers Hyderabad,Kolkata Knight Riders,Sharjah,Kolkata Knight Riders,Wickets,6
10-02-2021,2021,Mumbai Indians,Delhi Capitals,Dubai,Delhi Capitals,Wickets,4
10-02-2021,2021,Chennai Super Kings,Rajasthan Royals,Sharjah,Rajasthan Royals,Wickets,7
10-01-2021,2021,Kolkata Knight Riders,Punjab Kings,Abu Dhabi,Punjab Kings,Wickets,5
30-09-2021,2021,Sunrisers Hyderabad,Chennai Super Kings,Dubai,Chennai Super Kings,Wickets,6
29-09-2021,2021,Rajasthan Royals,Royal Challengers Bangalore,Sharjah,Royal Challengers Bangalore,Wickets,7
28-09-2021,2021,Punjab Kings,Mumbai Indians,Dubai,Mumbai Indians,Wickets,6
28-09-2021,2021,Delhi Capitals,Kolkata Knight Riders,Abu Dhabi,Kolkata Knight Riders,Wickets,3
27-09-2021,2021,Rajasthan Royals,Sunrisers Hyderabad,Sharjah,Sunrisers Hyderabad,Wickets,7
26-09-2021,2021,Kolkata Knight Riders,Chennai Super Kings,Dubai,Chennai Super Kings,Wickets,2
26-09-2021,2021,Royal Challengers Bangalore,Mumbai Indians,Abu Dhabi,Royal Challengers Bangalore,Runs,54
25-09-2021,2021,Delhi Capitals,Rajasthan Royals,Dubai,Delhi Capitals,Runs,33
25-09-2021,2021,Punjab Kings,Sunrisers Hyderabad,Abu Dhabi,Punjab Kings,Runs,5
24-09-2021,2021,Royal Challengers Bangalore,Chennai Super Kings,Sharjah,Chennai Super Kings,Wickets,6
23-09-2021,2021,Mumbai Indians,Kolkata Knight Riders,Sharjah,Kolkata Knight Riders,Wickets,7
22-09-2021,2021,Sunrisers Hyderabad,Delhi Capitals,Abu Dhabi,Delhi Capitals,Wickets,8
21-09-2021,2021,Rajasthan Royals,Punjab Kings,Dubai,Rajasthan Royals,Runs,2
20-09-2021,2021,Royal Challengers Bangalore,Kolkata Knight Riders,Dubai,Kolkata Knight Riders,Wickets,9
19-09-2021,2021,Chennai Super Kings,Mumbai Indians,Abu Dhabi,Chennai Super Kings,Runs,20
05-02-2021,2021,Punjab Kings,Delhi Capitals,Dubai,Delhi Capitals,Wickets,7
05-02-2021,2021,Rajasthan Royals,Sunrisers Hyderabad,Ahmedabad,Rajasthan Royals,Runs,55
05-01-2021,2021,Chennai Super Kings,Mumbai Indians,Delhi,Mumbai Indians,Wickets,4
30-04-2021,2021,Punjab Kings,Royal Challengers Bangalore,Delhi,Punjab Kings,Runs,34
29-04-2021,2021,Kolkata Knight Riders,Delhi Capitals,Ahmedabad,Delhi Capitals,Wickets,7
29-04-2021,2021,Rajasthan Royals,Mumbai Indians,Ahmedabad,Mumbai Indians,Wickets,7
28-04-2021,2021,Sunrisers Hyderabad,Chennai Super Kings,Delhi,Chennai Super Kings,Wickets,7
27-04-2021,2021,Royal Challengers Bangalore,Delhi Capitals,Delhi,Royal Challengers Bangalore,Runs,1
26-04-2021,2021,Punjab Kings,Kolkata Knight Riders,Ahmedabad,Kolkata Knight Riders,Wickets,5
25-04-2021,2021,Delhi Capitals,Sunrisers Hyderabad,Ahmedabad,Delhi Capitals,SuperOver,NA
25-04-2021,2021,Chennai Super Kings,Royal Challengers Bangalore,Chennai,Chennai Super Kings,Runs,69
24-04-2021,2021,Kolkata Knight Riders,Rajasthan Royals,Mumbai,Rajasthan Royals,Wickets,6
23-04-2021,2021,Mumbai Indians,Punjab Kings,Mumbai,Punjab Kings,Wickets,9
22-04-2021,2021,Rajasthan Royals,Royal Challengers Bangalore,Chennai,Royal Challengers Bangalore,Wickets,10
21-04-2021,2021,Chennai Super Kings,Kolkata Knight Riders,Mumbai,Chennai Super Kings,Runs,18
21-04-2021,2021,Punjab Kings,Sunrisers Hyderabad,Mumbai,Sunrisers Hyderabad,Wickets,9
20-04-2021,2021,Mumbai Indians,Delhi Capitals,Chennai,Delhi Capitals,Wickets,6
19-04-2021,2021,Chennai Super Kings,Rajasthan Royals,Chennai,Chennai Super Kings,Runs,45
18-04-2021,2021,Punjab Kings,Delhi Capitals,Mumbai,Delhi Capitals,Wickets,6
18-04-2021,2021,Royal Challengers Bangalore,Kolkata Knight Riders,Mumbai,Royal Challengers Bangalore,Runs,38
17-04-2021,2021,Mumbai Indians,Sunrisers Hyderabad,Chennai,Mumbai Indians,Runs,13
16-04-2021,2021,Punjab Kings,Chennai Super Kings,Chennai,Chennai Super Kings,Wickets,6
15-04-2021,2021,Delhi Capitals,Rajasthan Royals,Mumbai,Rajasthan Royals,Wickets,3
14-04-2021,2021,Royal Challengers Bangalore,Sunrisers Hyderabad,Mumbai,Royal Challengers Bangalore,Runs,6
13-04-2021,2021,Mumbai Indians,Kolkata Knight Riders,Chennai,Mumbai Indians,Runs,10
04-12-2021,2021,Punjab Kings,Rajasthan Royals,Chennai,Punjab Kings,Runs,4
04-11-2021,2021,Kolkata Knight Riders,Sunrisers Hyderabad,Mumbai,Kolkata Knight Riders,Runs,10
04-10-2021,2021,Chennai Super Kings,Delhi Capitals,Chennai,Delhi Capitals,Wickets,7
04-09-2021,2021,Mumbai Indians,Royal Challengers Bangalore,Mumbai,Royal Challengers Bangalore,Wickets,2
11-10-2020,2020/21,Delhi Capitals,Mumbai Indians,Chennai,Mumbai Indians,Wickets,5
11-08-2020,2020/21,Delhi Capitals,Sunrisers Hyderabad,NA,Delhi Capitals,Runs,17
11-06-2020,2020/21,Royal Challengers Bangalore,Sunrisers Hyderabad,Abu Dhabi,Sunrisers Hyderabad,Wickets,6
11-05-2020,2020/21,Mumbai Indians,Delhi Capitals,Abu Dhabi,Mumbai Indians,Runs,57
11-03-2020,2020/21,Mumbai Indians,Sunrisers Hyderabad,NA,Sunrisers Hyderabad,Wickets,10
11-02-2020,2020/21,Royal Challengers Bangalore,Delhi Capitals,NA,Delhi Capitals,Wickets,6
11-01-2020,2020/21,Kolkata Knight Riders,Rajasthan Royals,Abu Dhabi,Kolkata Knight Riders,Runs,60
11-01-2020,2020/21,Kings XI Punjab,Chennai Super Kings,NA,Chennai Super Kings,Wickets,9
31-10-2020,2020/21,Delhi Capitals,Mumbai Indians,Abu Dhabi,Mumbai Indians,Wickets,9
31-10-2020,2020/21,Royal Challengers Bangalore,Sunrisers Hyderabad,NA,Sunrisers Hyderabad,Wickets,5
30-10-2020,2020/21,Kings XI Punjab,Rajasthan Royals,NA,Rajasthan Royals,Wickets,7
29-10-2020,2020/21,Kolkata Knight Riders,Chennai Super Kings,Abu Dhabi,Chennai Super Kings,Wickets,6
28-10-2020,2020/21,Royal Challengers Bangalore,Mumbai Indians,NA,Mumbai Indians,Wickets,5
27-10-2020,2020/21,Sunrisers Hyderabad,Delhi Capitals,Abu Dhabi,Sunrisers Hyderabad,Runs,88
26-10-2020,2020/21,Kolkata Knight Riders,Kings XI Punjab,NA,Kings XI Punjab,Wickets,8
25-10-2020,2020/21,Mumbai Indians,Rajasthan Royals,NA,Rajasthan Royals,Wickets,8
25-10-2020,2020/21,Royal Challengers Bangalore,Chennai Super Kings,Abu Dhabi,Chennai Super Kings,Wickets,8
24-10-2020,2020/21,Kings XI Punjab,Sunrisers Hyderabad,NA,Kings XI Punjab,Runs,12
24-10-2020,2020/21,Kolkata Knight Riders,Delhi Capitals,NA,Kolkata Knight Riders,Runs,59
23-10-2020,2020/21,Chennai Super Kings,Mumbai Indians,Abu Dhabi,Mumbai Indians,Wickets,10
22-10-2020,2020/21,Rajasthan Royals,Sunrisers Hyderabad,NA,Sunrisers Hyderabad,Wickets,8
21-10-2020,2020/21,Kolkata Knight Riders,Royal Challengers Bangalore,NA,Royal Challengers Bangalore,Wickets,8
20-10-2020,2020/21,Delhi Capitals,Kings XI Punjab,Abu Dhabi,Kings XI Punjab,Wickets,5
19-10-2020,2020/21,Chennai Super Kings,Rajasthan Royals,NA,Rajasthan Royals,Wickets,7
18-10-2020,2020/21,Kolkata Knight Riders,Sunrisers Hyderabad,Abu Dhabi,Kolkata Knight Riders,SuperOver,NA
18-10-2020,2020/21,Mumbai Indians,Kings XI Punjab,Abu Dhabi,Kings XI Punjab,SuperOver,NA
17-10-2020,2020/21,Rajasthan Royals,Royal Challengers Bangalore,NA,Royal Challengers Bangalore,Wickets,7
17-10-2020,2020/21,Chennai Super Kings,Delhi Capitals,NA,Delhi Capitals,Wickets,5
16-10-2020,2020/21,Kolkata Knight Riders,Mumbai Indians,NA,Mumbai Indians,Wickets,8
15-10-2020,2020/21,Royal Challengers Bangalore,Kings XI Punjab,Abu Dhabi,Kings XI Punjab,Wickets,8
14-10-2020,2020/21,Delhi Capitals,Rajasthan Royals,NA,Delhi Capitals,Runs,13
13-10-2020,2020/21,Chennai Super Kings,Sunrisers Hyderabad,NA,Chennai Super Kings,Runs,20
10-12-2020,2020/21,Royal Challengers Bangalore,Kolkata Knight Riders,NA,Royal Challengers Bangalore,Runs,82
10-11-2020,2020/21,Sunrisers Hyderabad,Rajasthan Royals,NA,Rajasthan Royals,Wickets,5
10-11-2020,2020/21,Delhi Capitals,Mumbai Indians,NA,Mumbai Indians,Wickets,5
10-10-2020,2020/21,Kolkata Knight Riders,Kings XI Punjab,Abu Dhabi,Kolkata Knight Riders,Runs,2
10-10-2020,2020/21,Royal Challengers Bangalore,Chennai Super Kings,Abu Dhabi,Royal Challengers Bangalore,Runs,37
10-09-2020,2020/21,Delhi Capitals,Rajasthan Royals,NA,Delhi Capitals,Runs,46
10-08-2020,2020/21,Sunrisers Hyderabad,Kings XI Punjab,NA,Sunrisers Hyderabad,Runs,69
10-07-2020,2020/21,Kolkata Knight Riders,Chennai Super Kings,NA,Kolkata Knight Riders,Runs,10
10-06-2020,2020/21,Mumbai Indians,Rajasthan Royals,Abu Dhabi,Mumbai Indians,Runs,57
10-05-2020,2020/21,Delhi Capitals,Royal Challengers Bangalore,Abu Dhabi,Delhi Capitals,Runs,59
10-04-2020,2020/21,Kings XI Punjab,Chennai Super Kings,NA,Chennai Super Kings,Wickets,10
10-04-2020,2020/21,Mumbai Indians,Sunrisers Hyderabad,NA,Mumbai Indians,Runs,34
10-03-2020,2020/21,Rajasthan Royals,Royal Challengers Bangalore,NA,Royal Challengers Bangalore,Wickets,8
10-03-2020,2020/21,Delhi Capitals,Kolkata Knight Riders,Abu Dhabi,Delhi Capitals,Runs,18
10-02-2020,2020/21,Sunrisers Hyderabad,Chennai Super Kings,NA,Sunrisers Hyderabad,Runs,7
10-01-2020,2020/21,Mumbai Indians,Kings XI Punjab,NA,Mumbai Indians,Runs,48
30-09-2020,2020/21,Kolkata Knight Riders,Rajasthan Royals,Abu Dhabi,Kolkata Knight Riders,Runs,37
29-09-2020,2020/21,Sunrisers Hyderabad,Delhi Capitals,NA,Sunrisers Hyderabad,Runs,15
28-09-2020,2020/21,Royal Challengers Bangalore,Mumbai Indians,Abu Dhabi,Royal Challengers Bangalore,SuperOver,NA
27-09-2020,2020/21,Kings XI Punjab,Rajasthan Royals,NA,Rajasthan Royals,Wickets,4
26-09-2020,2020/21,Sunrisers Hyderabad,Kolkata Knight Riders,NA,Kolkata Knight Riders,Wickets,7
25-09-2020,2020/21,Delhi Capitals,Chennai Super Kings,Abu Dhabi,Delhi Capitals,Runs,44
24-09-2020,2020/21,Kings XI Punjab,Royal Challengers Bangalore,NA,Kings XI Punjab,Runs,97
23-09-2020,2020/21,Mumbai Indians,Kolkata Knight Riders,NA,Mumbai Indians,Runs,49
22-09-2020,2020/21,Rajasthan Royals,Chennai Super Kings,Abu Dhabi,Rajasthan Royals,Runs,16
21-09-2020,2020/21,Royal Challengers Bangalore,Sunrisers Hyderabad,NA,Royal Challengers Bangalore,Runs,10
20-09-2020,2020/21,Delhi Capitals,Kings XI Punjab,NA,Delhi Capitals,SuperOver,NA
19-09-2020,2020/21,Mumbai Indians,Chennai Super Kings,NA,Chennai Super Kings,Wickets,5
05-12-2019,2019,Mumbai Indians,Chennai Super Kings,Abu Dhabi,Mumbai Indians,Runs,1
05-10-2019,2019,Delhi Capitals,Chennai Super Kings,Hyderabad,Chennai Super Kings,Wickets,6
05-08-2019,2019,Sunrisers Hyderabad,Delhi Capitals,Visakhapatnam,Delhi Capitals,Wickets,2
05-07-2019,2019,Chennai Super Kings,Mumbai Indians,Visakhapatnam,Mumbai Indians,Wickets,6
05-05-2019,2019,Chennai Super Kings,Kings XI Punjab,Chennai,Kings XI Punjab,Wickets,6
05-05-2019,2019,Kolkata Knight Riders,Mumbai Indians,Chandigarh,Mumbai Indians,Wickets,9
05-04-2019,2019,Sunrisers Hyderabad,Royal Challengers Bangalore,Mumbai,Royal Challengers Bangalore,Wickets,4
05-04-2019,2019,Rajasthan Royals,Delhi Capitals,Bengaluru,Delhi Capitals,Wickets,5
05-03-2019,2019,Kings XI Punjab,Kolkata Knight Riders,Delhi,Kolkata Knight Riders,Wickets,7
05-02-2019,2019,Mumbai Indians,Sunrisers Hyderabad,Chandigarh,Mumbai Indians,SuperOver,NA
05-01-2019,2019,Chennai Super Kings,Delhi Capitals,Mumbai,Chennai Super Kings,Runs,80
30-04-2019,2019,Royal Challengers Bangalore,Rajasthan Royals,Chennai,NA,NoResults,NA
29-04-2019,2019,Sunrisers Hyderabad,Kings XI Punjab,Bengaluru,Sunrisers Hyderabad,Runs,45
28-04-2019,2019,Kolkata Knight Riders,Mumbai Indians,Hyderabad,Kolkata Knight Riders,Runs,34
28-04-2019,2019,Delhi Capitals,Royal Challengers Bangalore,Kolkata,Delhi Capitals,Runs,16
27-04-2019,2019,Sunrisers Hyderabad,Rajasthan Royals,Delhi,Rajasthan Royals,Wickets,7
26-04-2019,2019,Mumbai Indians,Chennai Super Kings,Jaipur,Mumbai Indians,Runs,46
25-04-2019,2019,Kolkata Knight Riders,Rajasthan Royals,Chennai,Rajasthan Royals,Wickets,3
24-04-2019,2019,Royal Challengers Bangalore,Kings XI Punjab,Kolkata,Royal Challengers Bangalore,Runs,17
23-04-2019,2019,Sunrisers Hyderabad,Chennai Super Kings,Bengaluru,Chennai Super Kings,Wickets,6
22-04-2019,2019,Rajasthan Royals,Delhi Capitals,Chennai,Delhi Capitals,Wickets,6
21-04-2019,2019,Kolkata Knight Riders,Sunrisers Hyderabad,Jaipur,Sunrisers Hyderabad,Wickets,9
21-04-2019,2019,Royal Challengers Bangalore,Chennai Super Kings,Hyderabad,Royal Challengers Bangalore,Runs,1
20-04-2019,2019,Kings XI Punjab,Delhi Capitals,Bengaluru,Delhi Capitals,Wickets,5
20-04-2019,2019,Mumbai Indians,Rajasthan Royals,Delhi,Rajasthan Royals,Wickets,5
19-04-2019,2019,Royal Challengers Bangalore,Kolkata Knight Riders,Jaipur,Royal Challengers Bangalore,Runs,10
18-04-2019,2019,Mumbai Indians,Delhi Capitals,Kolkata,Mumbai Indians,Runs,40
17-04-2019,2019,Chennai Super Kings,Sunrisers Hyderabad,Delhi,Sunrisers Hyderabad,Wickets,6
16-04-2019,2019,Kings XI Punjab,Rajasthan Royals,Hyderabad,Kings XI Punjab,Runs,12
15-04-2019,2019,Royal Challengers Bangalore,Mumbai Indians,Chandigarh,Mumbai Indians,Wickets,5
14-04-2019,2019,Kolkata Knight Riders,Chennai Super Kings,Mumbai,Chennai Super Kings,Wickets,5
14-04-2019,2019,Delhi Capitals,Sunrisers Hyderabad,Kolkata,Delhi Capitals,Runs,39
13-04-2019,2019,Mumbai Indians,Rajasthan Royals,Hyderabad,Rajasthan Royals,Wickets,4
13-04-2019,2019,Kings XI Punjab,Royal Challengers Bangalore,Mumbai,Royal Challengers Bangalore,Wickets,8
04-12-2019,2019,Kolkata Knight Riders,Delhi Capitals,Chandigarh,Delhi Capitals,Wickets,7
04-11-2019,2019,Rajasthan Royals,Chennai Super Kings,Kolkata,Chennai Super Kings,Wickets,4
04-10-2019,2019,Kings XI Punjab,Mumbai Indians,Jaipur,Mumbai Indians,Wickets,3
04-09-2019,2019,Kolkata Knight Riders,Chennai Super Kings,Mumbai,Chennai Super Kings,Wickets,7
04-08-2019,2019,Sunrisers Hyderabad,Kings XI Punjab,Chennai,Kings XI Punjab,Wickets,6
04-07-2019,2019,Rajasthan Royals,Kolkata Knight Riders,Chandigarh,Kolkata Knight Riders,Wickets,8
04-07-2019,2019,Royal Challengers Bangalore,Delhi Capitals,Jaipur,Delhi Capitals,Wickets,4
04-06-2019,2019,Mumbai Indians,Sunrisers Hyderabad,Bengaluru,Mumbai Indians,Runs,40
04-06-2019,2019,Chennai Super Kings,Kings XI Punjab,Hyderabad,Chennai Super Kings,Runs,22
04-05-2019,2019,Royal Challengers Bangalore,Kolkata Knight Riders,Chennai,Kolkata Knight Riders,Wickets,5
04-04-2019,2019,Delhi Capitals,Sunrisers Hyderabad,Bengaluru,Sunrisers Hyderabad,Wickets,5
04-03-2019,2019,Mumbai Indians,Chennai Super Kings,Delhi,Mumbai Indians,Runs,37
04-02-2019,2019,Royal Challengers Bangalore,Rajasthan Royals,Mumbai,Rajasthan Royals,Wickets,7
04-01-2019,2019,Kings XI Punjab,Delhi Capitals,Jaipur,Kings XI Punjab,Runs,14
31-03-2019,2019,Sunrisers Hyderabad,Royal Challengers Bangalore,Chandigarh,Sunrisers Hyderabad,Runs,118
31-03-2019,2019,Chennai Super Kings,Rajasthan Royals,Hyderabad,Chennai Super Kings,Runs,8
30-03-2019,2019,Kolkata Knight Riders,Delhi Capitals,Chennai,Delhi Capitals,SuperOver,NA
30-03-2019,2019,Mumbai Indians,Kings XI Punjab,Delhi,Kings XI Punjab,Wickets,8
29-03-2019,2019,Rajasthan Royals,Sunrisers Hyderabad,Chandigarh,Sunrisers Hyderabad,Wickets,5
28-03-2019,2019,Mumbai Indians,Royal Challengers Bangalore,Hyderabad,Mumbai Indians,Runs,6
27-03-2019,2019,Kolkata Knight Riders,Kings XI Punjab,Bengaluru,Kolkata Knight Riders,Runs,28
26-03-2019,2019,Delhi Capitals,Chennai Super Kings,Kolkata,Chennai Super Kings,Wickets,6
25-03-2019,2019,Kings XI Punjab,Rajasthan Royals,Delhi,Kings XI Punjab,Runs,14
24-03-2019,2019,Delhi Capitals,Mumbai Indians,Jaipur,Delhi Capitals,Runs,37
24-03-2019,2019,Sunrisers Hyderabad,Kolkata Knight Riders,Mumbai,Kolkata Knight Riders,Wickets,6
23-03-2019,2019,Royal Challengers Bangalore,Chennai Super Kings,Kolkata,Chennai Super Kings,Wickets,7
27-05-2018,2018,Sunrisers Hyderabad,Chennai Super Kings,Chennai,Chennai Super Kings,Wickets,8
25-05-2018,2018,Sunrisers Hyderabad,Kolkata Knight Riders,Mumbai,Sunrisers Hyderabad,Runs,14
23-05-2018,2018,Kolkata Knight Riders,Rajasthan Royals,Kolkata,Kolkata Knight Riders,Runs,25
22-05-2018,2018,Sunrisers Hyderabad,Chennai Super Kings,Kolkata,Chennai Super Kings,Wickets,2
20-05-2018,2018,Kings XI Punjab,Chennai Super Kings,Mumbai,Chennai Super Kings,Wickets,5
20-05-2018,2018,Delhi Daredevils,Mumbai Indians,Pune,Delhi Daredevils,Runs,11
19-05-2018,2018,Sunrisers Hyderabad,Kolkata Knight Riders,Delhi,Kolkata Knight Riders,Wickets,5
19-05-2018,2018,Rajasthan Royals,Royal Challengers Bangalore,Hyderabad,Rajasthan Royals,Runs,30
18-05-2018,2018,Delhi Daredevils,Chennai Super Kings,Jaipur,Delhi Daredevils,Runs,34
17-05-2018,2018,Royal Challengers Bangalore,Sunrisers Hyderabad,Delhi,Royal Challengers Bangalore,Runs,14
16-05-2018,2018,Mumbai Indians,Kings XI Punjab,Bengaluru,Mumbai Indians,Runs,3
15-05-2018,2018,Rajasthan Royals,Kolkata Knight Riders,Mumbai,Kolkata Knight Riders,Wickets,6
14-05-2018,2018,Kings XI Punjab,Royal Challengers Bangalore,Kolkata,Royal Challengers Bangalore,Wickets,10
13-05-2018,2018,Mumbai Indians,Rajasthan Royals,Indore,Rajasthan Royals,Wickets,7
13-05-2018,2018,Sunrisers Hyderabad,Chennai Super Kings,Mumbai,Chennai Super Kings,Wickets,8
05-12-2018,2018,Delhi Daredevils,Royal Challengers Bangalore,Pune,Royal Challengers Bangalore,Wickets,5
05-12-2018,2018,Kolkata Knight Riders,Kings XI Punjab,Delhi,Kolkata Knight Riders,Runs,31
05-11-2018,2018,Chennai Super Kings,Rajasthan Royals,Indore,Rajasthan Royals,Wickets,4
05-10-2018,2018,Delhi Daredevils,Sunrisers Hyderabad,Jaipur,Sunrisers Hyderabad,Wickets,9
05-09-2018,2018,Mumbai Indians,Kolkata Knight Riders,Delhi,Mumbai Indians,Runs,102
05-08-2018,2018,Rajasthan Royals,Kings XI Punjab,Kolkata,Rajasthan Royals,Runs,15
05-07-2018,2018,Sunrisers Hyderabad,Royal Challengers Bangalore,Jaipur,Sunrisers Hyderabad,Runs,5
05-06-2018,2018,Rajasthan Royals,Kings XI Punjab,Hyderabad,Kings XI Punjab,Wickets,6
05-06-2018,2018,Mumbai Indians,Kolkata Knight Riders,Indore,Mumbai Indians,Runs,13
05-05-2018,2018,Delhi Daredevils,Sunrisers Hyderabad,Mumbai,Sunrisers Hyderabad,Wickets,7
05-05-2018,2018,Royal Challengers Bangalore,Chennai Super Kings,Hyderabad,Chennai Super Kings,Wickets,6
05-04-2018,2018,Kings XI Punjab,Mumbai Indians,Pune,Mumbai Indians,Wickets,6
05-03-2018,2018,Chennai Super Kings,Kolkata Knight Riders,Indore,Kolkata Knight Riders,Wickets,6
05-02-2018,2018,Delhi Daredevils,Rajasthan Royals,Kolkata,Delhi Daredevils,Runs,4
05-01-2018,2018,Royal Challengers Bangalore,Mumbai Indians,Delhi,Royal Challengers Bangalore,Runs,14
30-04-2018,2018,Chennai Super Kings,Delhi Daredevils,Bengaluru,Chennai Super Kings,Runs,13
29-04-2018,2018,Sunrisers Hyderabad,Rajasthan Royals,Pune,Sunrisers Hyderabad,Runs,11
29-04-2018,2018,Royal Challengers Bangalore,Kolkata Knight Riders,Jaipur,Kolkata Knight Riders,Wickets,6
28-04-2018,2018,Chennai Super Kings,Mumbai Indians,Bengaluru,Mumbai Indians,Wickets,8
27-04-2018,2018,Delhi Daredevils,Kolkata Knight Riders,Pune,Delhi Daredevils,Runs,55
26-04-2018,2018,Sunrisers Hyderabad,Kings XI Punjab,Delhi,Sunrisers Hyderabad,Runs,13
25-04-2018,2018,Royal Challengers Bangalore,Chennai Super Kings,Hyderabad,Chennai Super Kings,Wickets,5
24-04-2018,2018,Sunrisers Hyderabad,Mumbai Indians,Bengaluru,Sunrisers Hyderabad,Runs,31
23-04-2018,2018,Kings XI Punjab,Delhi Daredevils,Mumbai,Kings XI Punjab,Runs,4
22-04-2018,2018,Mumbai Indians,Rajasthan Royals,Delhi,Rajasthan Royals,Wickets,3
22-04-2018,2018,Chennai Super Kings,Sunrisers Hyderabad,Jaipur,Chennai Super Kings,Runs,4
21-04-2018,2018,Delhi Daredevils,Royal Challengers Bangalore,Hyderabad,Royal Challengers Bangalore,Wickets,6
21-04-2018,2018,Kolkata Knight Riders,Kings XI Punjab,Bengaluru,Kings XI Punjab,Wickets,9
20-04-2018,2018,Chennai Super Kings,Rajasthan Royals,Kolkata,Chennai Super Kings,Runs,64
19-04-2018,2018,Kings XI Punjab,Sunrisers Hyderabad,Pune,Kings XI Punjab,Runs,15
18-04-2018,2018,Rajasthan Royals,Kolkata Knight Riders,Chandigarh,Kolkata Knight Riders,Wickets,7
17-04-2018,2018,Mumbai Indians,Royal Challengers Bangalore,Jaipur,Mumbai Indians,Runs,46
16-04-2018,2018,Kolkata Knight Riders,Delhi Daredevils,Mumbai,Kolkata Knight Riders,Runs,71
15-04-2018,2018,Kings XI Punjab,Chennai Super Kings,Kolkata,Kings XI Punjab,Runs,4
15-04-2018,2018,Rajasthan Royals,Royal Challengers Bangalore,Chandigarh,Rajasthan Royals,Runs,19
14-04-2018,2018,Kolkata Knight Riders,Sunrisers Hyderabad,Bengaluru,Sunrisers Hyderabad,Wickets,5
14-04-2018,2018,Mumbai Indians,Delhi Daredevils,Kolkata,Delhi Daredevils,Wickets,7
13-04-2018,2018,Kings XI Punjab,Royal Challengers Bangalore,Mumbai,Royal Challengers Bangalore,Wickets,4
04-12-2018,2018,Mumbai Indians,Sunrisers Hyderabad,Bengaluru,Sunrisers Hyderabad,Wickets,1
04-11-2018,2018,Rajasthan Royals,Delhi Daredevils,Hyderabad,Rajasthan Royals,Runs,10
04-10-2018,2018,Kolkata Knight Riders,Chennai Super Kings,Jaipur,Chennai Super Kings,Wickets,5
04-09-2018,2018,Rajasthan Royals,Sunrisers Hyderabad,Chennai,Sunrisers Hyderabad,Wickets,9
04-08-2018,2018,Delhi Daredevils,Kings XI Punjab,Hyderabad,Kings XI Punjab,Wickets,6
04-08-2018,2018,Royal Challengers Bangalore,Kolkata Knight Riders,Chandigarh,Kolkata Knight Riders,Wickets,4
04-07-2018,2018,Mumbai Indians,Chennai Super Kings,Kolkata,Chennai Super Kings,Wickets,1
21-05-2017,2017,Mumbai Indians,Rising Pune Supergiant,Mumbai,Mumbai Indians,Runs,1
19-05-2017,2017,Mumbai Indians,Kolkata Knight Riders,Hyderabad,Mumbai Indians,Wickets,6
17-05-2017,2017,Sunrisers Hyderabad,Kolkata Knight Riders,Bangalore,Kolkata Knight Riders,Wickets,7
16-05-2017,2017,Mumbai Indians,Rising Pune Supergiant,Bangalore,Rising Pune Supergiant,Runs,20
14-05-2017,2017,Delhi Daredevils,Royal Challengers Bangalore,Mumbai,Royal Challengers Bangalore,Runs,10
14-05-2017,2017,Rising Pune Supergiant,Kings XI Punjab,Delhi,Rising Pune Supergiant,Wickets,9
13-05-2017,2017,Kolkata Knight Riders,Mumbai Indians,Pune,Mumbai Indians,Runs,9
13-05-2017,2017,Gujarat Lions,Sunrisers Hyderabad,Kolkata,Sunrisers Hyderabad,Wickets,8
05-12-2017,2017,Delhi Daredevils,Rising Pune Supergiant,Kanpur,Delhi Daredevils,Runs,7
05-11-2017,2017,Mumbai Indians,Kings XI Punjab,Delhi,Kings XI Punjab,Runs,7
05-10-2017,2017,Gujarat Lions,Delhi Daredevils,Mumbai,Delhi Daredevils,Wickets,2
05-09-2017,2017,Kings XI Punjab,Kolkata Knight Riders,Kanpur,Kings XI Punjab,Runs,14
05-08-2017,2017,Sunrisers Hyderabad,Mumbai Indians,Chandigarh,Sunrisers Hyderabad,Wickets,7
05-07-2017,2017,Royal Challengers Bangalore,Kolkata Knight Riders,Hyderabad,Kolkata Knight Riders,Wickets,6
05-07-2017,2017,Kings XI Punjab,Gujarat Lions,Bangalore,Gujarat Lions,Wickets,6
05-06-2017,2017,Delhi Daredevils,Mumbai Indians,Chandigarh,Mumbai Indians,Runs,146
05-06-2017,2017,Sunrisers Hyderabad,Rising Pune Supergiant,Delhi,Rising Pune Supergiant,Runs,12
05-05-2017,2017,Royal Challengers Bangalore,Kings XI Punjab,Hyderabad,Kings XI Punjab,Runs,19
05-04-2017,2017,Delhi Daredevils,Gujarat Lions,Bangalore,Delhi Daredevils,Wickets,7
05-03-2017,2017,Kolkata Knight Riders,Rising Pune Supergiant,Delhi,Rising Pune Supergiant,Wickets,4
05-02-2017,2017,Delhi Daredevils,Sunrisers Hyderabad,Kolkata,Delhi Daredevils,Wickets,6
05-01-2017,2017,Rising Pune Supergiant,Gujarat Lions,Delhi,Rising Pune Supergiant,Wickets,5
05-01-2017,2017,Mumbai Indians,Royal Challengers Bangalore,Pune,Mumbai Indians,Wickets,5
30-04-2017,2017,Sunrisers Hyderabad,Kolkata Knight Riders,Mumbai,Sunrisers Hyderabad,Runs,48
30-04-2017,2017,Kings XI Punjab,Delhi Daredevils,Hyderabad,Kings XI Punjab,Wickets,10
29-04-2017,2017,Gujarat Lions,Mumbai Indians,Chandigarh,Mumbai Indians,SuperOver,NA
29-04-2017,2017,Rising Pune Supergiant,Royal Challengers Bangalore,Rajkot,Rising Pune Supergiant,Runs,61
28-04-2017,2017,Kolkata Knight Riders,Delhi Daredevils,Pune,Kolkata Knight Riders,Wickets,7
28-04-2017,2017,Kings XI Punjab,Sunrisers Hyderabad,Kolkata,Sunrisers Hyderabad,Runs,26
27-04-2017,2017,Royal Challengers Bangalore,Gujarat Lions,Chandigarh,Gujarat Lions,Wickets,7
26-04-2017,2017,Rising Pune Supergiant,Kolkata Knight Riders,Bangalore,Kolkata Knight Riders,Wickets,7
24-04-2017,2017,Mumbai Indians,Rising Pune Supergiant,Pune,Rising Pune Supergiant,Runs,3
23-04-2017,2017,Kolkata Knight Riders,Royal Challengers Bangalore,Mumbai,Kolkata Knight Riders,Runs,82
23-04-2017,2017,Gujarat Lions,Kings XI Punjab,Kolkata,Kings XI Punjab,Runs,26
22-04-2017,2017,Rising Pune Supergiant,Sunrisers Hyderabad,Rajkot,Rising Pune Supergiant,Wickets,6
22-04-2017,2017,Mumbai Indians,Delhi Daredevils,Pune,Mumbai Indians,Runs,14
21-04-2017,2017,Kolkata Knight Riders,Gujarat Lions,Mumbai,Gujarat Lions,Wickets,4
20-04-2017,2017,Kings XI Punjab,Mumbai Indians,Kolkata,Mumbai Indians,Wickets,8
19-04-2017,2017,Sunrisers Hyderabad,Delhi Daredevils,Indore,Sunrisers Hyderabad,Runs,15
18-04-2017,2017,Gujarat Lions,Royal Challengers Bangalore,Hyderabad,Royal Challengers Bangalore,Runs,21
17-04-2017,2017,Delhi Daredevils,Kolkata Knight Riders,Rajkot,Kolkata Knight Riders,Wickets,4
17-04-2017,2017,Sunrisers Hyderabad,Kings XI Punjab,Delhi,Sunrisers Hyderabad,Runs,5
16-04-2017,2017,Royal Challengers Bangalore,Rising Pune Supergiant,Hyderabad,Rising Pune Supergiant,Runs,27
16-04-2017,2017,Mumbai Indians,Gujarat Lions,Bangalore,Mumbai Indians,Wickets,6
15-04-2017,2017,Delhi Daredevils,Kings XI Punjab,Mumbai,Delhi Daredevils,Runs,51
15-04-2017,2017,Kolkata Knight Riders,Sunrisers Hyderabad,Delhi,Kolkata Knight Riders,Runs,17
14-04-2017,2017,Gujarat Lions,Rising Pune Supergiant,Kolkata,Gujarat Lions,Wickets,7
14-04-2017,2017,Royal Challengers Bangalore,Mumbai Indians,Rajkot,Mumbai Indians,Wickets,4
13-04-2017,2017,Kolkata Knight Riders,Kings XI Punjab,Bangalore,Kolkata Knight Riders,Wickets,8
04-12-2017,2017,Mumbai Indians,Sunrisers Hyderabad,Kolkata,Mumbai Indians,Wickets,4
04-11-2017,2017,Rising Pune Supergiant,Delhi Daredevils,Mumbai,Delhi Daredevils,Runs,97
04-10-2017,2017,Kings XI Punjab,Royal Challengers Bangalore,Pune,Kings XI Punjab,Wickets,8
04-09-2017,2017,Mumbai Indians,Kolkata Knight Riders,Indore,Mumbai Indians,Wickets,4
04-09-2017,2017,Sunrisers Hyderabad,Gujarat Lions,Mumbai,Sunrisers Hyderabad,Wickets,9
04-08-2017,2017,Royal Challengers Bangalore,Delhi Daredevils,Hyderabad,Royal Challengers Bangalore,Runs,15
04-08-2017,2017,Kings XI Punjab,Rising Pune Supergiant,Bengaluru,Kings XI Punjab,Wickets,6
04-07-2017,2017,Gujarat Lions,Kolkata Knight Riders,Indore,Kolkata Knight Riders,Wickets,10
04-06-2017,2017,Rising Pune Supergiant,Mumbai Indians,Rajkot,Rising Pune Supergiant,Wickets,7
04-05-2017,2017,Sunrisers Hyderabad,Royal Challengers Bangalore,Pune,Sunrisers Hyderabad,Runs,35
29-05-2016,2016,Royal Challengers Bangalore,Sunrisers Hyderabad,Hyderabad,Sunrisers Hyderabad,Runs,8
27-05-2016,2016,Gujarat Lions,Sunrisers Hyderabad,Bangalore,Sunrisers Hyderabad,Wickets,4
25-05-2016,2016,Sunrisers Hyderabad,Kolkata Knight Riders,Delhi,Sunrisers Hyderabad,Runs,22
24-05-2016,2016,Gujarat Lions,Royal Challengers Bangalore,Delhi,Royal Challengers Bangalore,Wickets,4
22-05-2016,2016,Delhi Daredevils,Royal Challengers Bangalore,Bangalore,Royal Challengers Bangalore,Wickets,6
22-05-2016,2016,Kolkata Knight Riders,Sunrisers Hyderabad,Raipur,Kolkata Knight Riders,Runs,22
21-05-2016,2016,Gujarat Lions,Mumbai Indians,Kolkata,Gujarat Lions,Wickets,6
21-05-2016,2016,Rising Pune Supergiants,Kings XI Punjab,Kanpur,Rising Pune Supergiants,Wickets,4
20-05-2016,2016,Delhi Daredevils,Sunrisers Hyderabad,Visakhapatnam,Delhi Daredevils,Wickets,6
19-05-2016,2016,Gujarat Lions,Kolkata Knight Riders,Raipur,Gujarat Lions,Wickets,6
18-05-2016,2016,Royal Challengers Bangalore,Kings XI Punjab,Kanpur,Royal Challengers Bangalore,Runs,82
17-05-2016,2016,Rising Pune Supergiants,Delhi Daredevils,Bangalore,Rising Pune Supergiants,Runs,19
16-05-2016,2016,Kolkata Knight Riders,Royal Challengers Bangalore,Visakhapatnam,Royal Challengers Bangalore,Wickets,9
15-05-2016,2016,Kings XI Punjab,Sunrisers Hyderabad,Kolkata,Sunrisers Hyderabad,Wickets,7
15-05-2016,2016,Mumbai Indians,Delhi Daredevils,Chandigarh,Mumbai Indians,Runs,80
14-05-2016,2016,Royal Challengers Bangalore,Gujarat Lions,Visakhapatnam,Royal Challengers Bangalore,Runs,144
14-05-2016,2016,Kolkata Knight Riders,Rising Pune Supergiants,Bangalore,Kolkata Knight Riders,Wickets,8
13-05-2016,2016,Mumbai Indians,Kings XI Punjab,Kolkata,Kings XI Punjab,Wickets,7
05-12-2016,2016,Sunrisers Hyderabad,Delhi Daredevils,Visakhapatnam,Delhi Daredevils,Wickets,7
05-11-2016,2016,Royal Challengers Bangalore,Mumbai Indians,Hyderabad,Mumbai Indians,Wickets,6
05-10-2016,2016,Rising Pune Supergiants,Sunrisers Hyderabad,Bangalore,Sunrisers Hyderabad,Runs,4
05-09-2016,2016,Kings XI Punjab,Royal Challengers Bangalore,Visakhapatnam,Royal Challengers Bangalore,Runs,1
05-08-2016,2016,Kolkata Knight Riders,Gujarat Lions,Chandigarh,Gujarat Lions,Wickets,5
05-08-2016,2016,Mumbai Indians,Sunrisers Hyderabad,Kolkata,Sunrisers Hyderabad,Runs,85
05-07-2016,2016,Kings XI Punjab,Delhi Daredevils,Visakhapatnam,Kings XI Punjab,Runs,9
05-07-2016,2016,Royal Challengers Bangalore,Rising Pune Supergiants,Chandigarh,Royal Challengers Bangalore,Wickets,7
05-06-2016,2016,Sunrisers Hyderabad,Gujarat Lions,Bangalore,Sunrisers Hyderabad,Wickets,5
05-05-2016,2016,Delhi Daredevils,Rising Pune Supergiants,Hyderabad,Rising Pune Supergiants,Wickets,7
05-04-2016,2016,Kolkata Knight Riders,Kings XI Punjab,Delhi,Kolkata Knight Riders,Runs,7
05-03-2016,2016,Gujarat Lions,Delhi Daredevils,Kolkata,Delhi Daredevils,Wickets,8
05-02-2016,2016,Royal Challengers Bangalore,Kolkata Knight Riders,Rajkot,Kolkata Knight Riders,Wickets,5
05-01-2016,2016,Gujarat Lions,Kings XI Punjab,Bangalore,Kings XI Punjab,Runs,23
05-01-2016,2016,Rising Pune Supergiants,Mumbai Indians,Rajkot,Mumbai Indians,Wickets,8
30-04-2016,2016,Delhi Daredevils,Kolkata Knight Riders,Pune,Delhi Daredevils,Runs,27
30-04-2016,2016,Sunrisers Hyderabad,Royal Challengers Bangalore,Delhi,Sunrisers Hyderabad,Runs,15
29-04-2016,2016,Rising Pune Supergiants,Gujarat Lions,Hyderabad,Gujarat Lions,Wickets,3
28-04-2016,2016,Mumbai Indians,Kolkata Knight Riders,Pune,Mumbai Indians,Wickets,6
27-04-2016,2016,Delhi Daredevils,Gujarat Lions,Mumbai,Gujarat Lions,Runs,1
26-04-2016,2016,Sunrisers Hyderabad,Rising Pune Supergiants,Delhi,Rising Pune Supergiants,Runs,34
25-04-2016,2016,Kings XI Punjab,Mumbai Indians,Hyderabad,Mumbai Indians,Runs,25
24-04-2016,2016,Rising Pune Supergiants,Kolkata Knight Riders,Chandigarh,Kolkata Knight Riders,Wickets,2
24-04-2016,2016,Gujarat Lions,Royal Challengers Bangalore,Pune,Gujarat Lions,Wickets,6
23-04-2016,2016,Sunrisers Hyderabad,Kings XI Punjab,Rajkot,Sunrisers Hyderabad,Wickets,5
23-04-2016,2016,Delhi Daredevils,Mumbai Indians,Hyderabad,Delhi Daredevils,Runs,10
22-04-2016,2016,Rising Pune Supergiants,Royal Challengers Bangalore,Delhi,Royal Challengers Bangalore,Runs,13
21-04-2016,2016,Gujarat Lions,Sunrisers Hyderabad,Pune,Sunrisers Hyderabad,Wickets,10
20-04-2016,2016,Mumbai Indians,Royal Challengers Bangalore,Rajkot,Mumbai Indians,Wickets,6
19-04-2016,2016,Kings XI Punjab,Kolkata Knight Riders,Mumbai,Kolkata Knight Riders,Wickets,6
18-04-2016,2016,Sunrisers Hyderabad,Mumbai Indians,Chandigarh,Sunrisers Hyderabad,Wickets,7
17-04-2016,2016,Royal Challengers Bangalore,Delhi Daredevils,Hyderabad,Delhi Daredevils,Wickets,7
17-04-2016,2016,Kings XI Punjab,Rising Pune Supergiants,Bangalore,Kings XI Punjab,Wickets,6
16-04-2016,2016,Mumbai Indians,Gujarat Lions,Chandigarh,Gujarat Lions,Wickets,3
16-04-2016,2016,Sunrisers Hyderabad,Kolkata Knight Riders,Mumbai,Kolkata Knight Riders,Wickets,8
15-04-2016,2016,Delhi Daredevils,Kings XI Punjab,Hyderabad,Delhi Daredevils,Wickets,8
14-04-2016,2016,Gujarat Lions,Rising Pune Supergiants,Delhi,Gujarat Lions,Wickets,7
13-04-2016,2016,Kolkata Knight Riders,Mumbai Indians,Rajkot,Mumbai Indians,Wickets,6
04-12-2016,2016,Royal Challengers Bangalore,Sunrisers Hyderabad,Kolkata,Royal Challengers Bangalore,Runs,45
04-11-2016,2016,Kings XI Punjab,Gujarat Lions,Bangalore,Gujarat Lions,Wickets,5
04-10-2016,2016,Kolkata Knight Riders,Delhi Daredevils,Chandigarh,Kolkata Knight Riders,Wickets,9
04-09-2016,2016,Mumbai Indians,Rising Pune Supergiants,Kolkata,Rising Pune Supergiants,Wickets,9
24-05-2015,2015,Mumbai Indians,Chennai Super Kings,Mumbai,Mumbai Indians,Runs,41
22-05-2015,2015,Chennai Super Kings,Royal Challengers Bangalore,Kolkata,Chennai Super Kings,Wickets,3
20-05-2015,2015,Royal Challengers Bangalore,Rajasthan Royals,Ranchi,Royal Challengers Bangalore,Runs,71
19-05-2015,2015,Chennai Super Kings,Mumbai Indians,Pune,Mumbai Indians,Runs,25
17-05-2015,2015,Royal Challengers Bangalore,Delhi Daredevils,Mumbai,NA,NoResults,NA
17-05-2015,2015,Sunrisers Hyderabad,Mumbai Indians,Bangalore,Mumbai Indians,Wickets,9
16-05-2015,2015,Rajasthan Royals,Kolkata Knight Riders,Hyderabad,Rajasthan Royals,Runs,9
16-05-2015,2015,Kings XI Punjab,Chennai Super Kings,Mumbai,Chennai Super Kings,Wickets,7
15-05-2015,2015,Sunrisers Hyderabad,Royal Challengers Bangalore,Chandigarh,Royal Challengers Bangalore,Wickets,6
14-05-2015,2015,Mumbai Indians,Kolkata Knight Riders,Hyderabad,Mumbai Indians,Runs,5
13-05-2015,2015,Kings XI Punjab,Royal Challengers Bangalore,Mumbai,Kings XI Punjab,Runs,22
05-12-2015,2015,Delhi Daredevils,Chennai Super Kings,Chandigarh,Delhi Daredevils,Wickets,6
05-11-2015,2015,Sunrisers Hyderabad,Kings XI Punjab,Raipur,Sunrisers Hyderabad,Runs,5
05-10-2015,2015,Chennai Super Kings,Rajasthan Royals,Hyderabad,Chennai Super Kings,Runs,12
05-10-2015,2015,Mumbai Indians,Royal Challengers Bangalore,Chennai,Royal Challengers Bangalore,Runs,39
05-09-2015,2015,Delhi Daredevils,Sunrisers Hyderabad,Mumbai,Sunrisers Hyderabad,Runs,6
05-09-2015,2015,Kolkata Knight Riders,Kings XI Punjab,Raipur,Kolkata Knight Riders,Wickets,1
05-08-2015,2015,Chennai Super Kings,Mumbai Indians,Kolkata,Mumbai Indians,Wickets,6
05-07-2015,2015,Rajasthan Royals,Sunrisers Hyderabad,Chennai,Sunrisers Hyderabad,Runs,7
05-07-2015,2015,Kolkata Knight Riders,Delhi Daredevils,Mumbai,Kolkata Knight Riders,Runs,13
05-06-2015,2015,Royal Challengers Bangalore,Kings XI Punjab,Kolkata,Royal Challengers Bangalore,Runs,138
05-05-2015,2015,Mumbai Indians,Delhi Daredevils,Bangalore,Mumbai Indians,Wickets,5
05-04-2015,2015,Kolkata Knight Riders,Sunrisers Hyderabad,Mumbai,Kolkata Knight Riders,Runs,35
05-04-2015,2015,Chennai Super Kings,Royal Challengers Bangalore,Kolkata,Chennai Super Kings,Runs,24
05-03-2015,2015,Kings XI Punjab,Mumbai Indians,Chennai,Mumbai Indians,Runs,23
05-03-2015,2015,Rajasthan Royals,Delhi Daredevils,Chandigarh,Rajasthan Royals,Runs,14
05-02-2015,2015,Royal Challengers Bangalore,Kolkata Knight Riders,Mumbai,Royal Challengers Bangalore,Wickets,7
05-02-2015,2015,Sunrisers Hyderabad,Chennai Super Kings,Bangalore,Sunrisers Hyderabad,Runs,22
05-01-2015,2015,Mumbai Indians,Rajasthan Royals,Hyderabad,Mumbai Indians,Runs,8
05-01-2015,2015,Delhi Daredevils,Kings XI Punjab,Mumbai,Delhi Daredevils,Wickets,9
30-04-2015,2015,Kolkata Knight Riders,Chennai Super Kings,Delhi,Kolkata Knight Riders,Wickets,7
29-04-2015,2015,Royal Challengers Bangalore,Rajasthan Royals,Kolkata,NA,NoResults,NA
28-04-2015,2015,Chennai Super Kings,Kolkata Knight Riders,Bangalore,Chennai Super Kings,Runs,2
27-04-2015,2015,Kings XI Punjab,Sunrisers Hyderabad,Chennai,Sunrisers Hyderabad,Runs,20
26-04-2015,2015,Delhi Daredevils,Royal Challengers Bangalore,Chandigarh,Royal Challengers Bangalore,Wickets,10
25-04-2015,2015,Chennai Super Kings,Kings XI Punjab,Delhi,Chennai Super Kings,Runs,97
25-04-2015,2015,Mumbai Indians,Sunrisers Hyderabad,Chennai,Mumbai Indians,Runs,20
24-04-2015,2015,Rajasthan Royals,Royal Challengers Bangalore,Mumbai,Royal Challengers Bangalore,Wickets,9
23-04-2015,2015,Delhi Daredevils,Mumbai Indians,Ahmedabad,Delhi Daredevils,Runs,37
22-04-2015,2015,Sunrisers Hyderabad,Kolkata Knight Riders,Delhi,Sunrisers Hyderabad,Runs,16
22-04-2015,2015,Royal Challengers Bangalore,Chennai Super Kings,Visakhapatnam,Chennai Super Kings,Runs,27
21-04-2015,2015,Rajasthan Royals,Kings XI Punjab,Bangalore,Kings XI Punjab,SuperOver,NA
20-04-2015,2015,Delhi Daredevils,Kolkata Knight Riders,Ahmedabad,Kolkata Knight Riders,Wickets,6
19-04-2015,2015,Rajasthan Royals,Chennai Super Kings,Delhi,Rajasthan Royals,Wickets,8
19-04-2015,2015,Royal Challengers Bangalore,Mumbai Indians,Ahmedabad,Mumbai Indians,Runs,18
18-04-2015,2015,Sunrisers Hyderabad,Delhi Daredevils,Bangalore,Delhi Daredevils,Runs,4
18-04-2015,2015,Kings XI Punjab,Kolkata Knight Riders,Visakhapatnam,Kolkata Knight Riders,Wickets,4
17-04-2015,2015,Mumbai Indians,Chennai Super Kings,Pune,Chennai Super Kings,Wickets,6
16-04-2015,2015,Sunrisers Hyderabad,Rajasthan Royals,Mumbai,Rajasthan Royals,Wickets,6
15-04-2015,2015,Kings XI Punjab,Delhi Daredevils,Visakhapatnam,Delhi Daredevils,Wickets,5
14-04-2015,2015,Rajasthan Royals,Mumbai Indians,Pune,Rajasthan Royals,Wickets,7
13-04-2015,2015,Royal Challengers Bangalore,Sunrisers Hyderabad,Ahmedabad,Sunrisers Hyderabad,Wickets,8
04-12-2015,2015,Mumbai Indians,Kings XI Punjab,Bangalore,Kings XI Punjab,Runs,18
04-12-2015,2015,Delhi Daredevils,Rajasthan Royals,Mumbai,Rajasthan Royals,Wickets,3
04-11-2015,2015,Kolkata Knight Riders,Royal Challengers Bangalore,Delhi,Royal Challengers Bangalore,Wickets,3
04-11-2015,2015,Chennai Super Kings,Sunrisers Hyderabad,Kolkata,Chennai Super Kings,Runs,45
04-10-2015,2015,Kings XI Punjab,Rajasthan Royals,Chennai,Rajasthan Royals,Runs,26
04-09-2015,2015,Chennai Super Kings,Delhi Daredevils,Pune,Chennai Super Kings,Runs,1
04-08-2015,2015,Kolkata Knight Riders,Mumbai Indians,Chennai,Kolkata Knight Riders,Wickets,7
06-01-2014,2014,Kolkata Knight Riders,Kings XI Punjab,Kolkata,Kolkata Knight Riders,Wickets,3
30-05-2014,2014,Chennai Super Kings,Kings XI Punjab,Bangalore,Kings XI Punjab,Runs,24
28-05-2014,2014,Chennai Super Kings,Mumbai Indians,Mumbai,Chennai Super Kings,Wickets,7
27-05-2014,2014,Kings XI Punjab,Kolkata Knight Riders,Mumbai,Kolkata Knight Riders,Runs,28
25-05-2014,2014,Mumbai Indians,Rajasthan Royals,Kolkata,Mumbai Indians,Wickets,5
25-05-2014,2014,Kings XI Punjab,Delhi Daredevils,Mumbai,Kings XI Punjab,Wickets,7
24-05-2014,2014,Royal Challengers Bangalore,Chennai Super Kings,Chandigarh,Chennai Super Kings,Wickets,8
24-05-2014,2014,Kolkata Knight Riders,Sunrisers Hyderabad,Bangalore,Kolkata Knight Riders,Wickets,4
23-05-2014,2014,Mumbai Indians,Delhi Daredevils,Kolkata,Mumbai Indians,Runs,15
23-05-2014,2014,Kings XI Punjab,Rajasthan Royals,Mumbai,Kings XI Punjab,Runs,16
22-05-2014,2014,Kolkata Knight Riders,Royal Challengers Bangalore,Chandigarh,Kolkata Knight Riders,Runs,30
22-05-2014,2014,Chennai Super Kings,Sunrisers Hyderabad,Kolkata,Sunrisers Hyderabad,Wickets,6
21-05-2014,2014,Kings XI Punjab,Mumbai Indians,Ranchi,Mumbai Indians,Wickets,7
20-05-2014,2014,Kolkata Knight Riders,Chennai Super Kings,Chandigarh,Kolkata Knight Riders,Wickets,8
20-05-2014,2014,Sunrisers Hyderabad,Royal Challengers Bangalore,Kolkata,Sunrisers Hyderabad,Wickets,7
19-05-2014,2014,Delhi Daredevils,Kings XI Punjab,Hyderabad,Kings XI Punjab,Wickets,4
19-05-2014,2014,Rajasthan Royals,Mumbai Indians,Delhi,Mumbai Indians,Runs,25
18-05-2014,2014,Chennai Super Kings,Royal Challengers Bangalore,Ahmedabad,Royal Challengers Bangalore,Wickets,5
18-05-2014,2014,Sunrisers Hyderabad,Kolkata Knight Riders,Ranchi,Kolkata Knight Riders,Wickets,7
15-05-2014,2014,Rajasthan Royals,Delhi Daredevils,Hyderabad,Rajasthan Royals,Runs,62
14-05-2014,2014,Kolkata Knight Riders,Mumbai Indians,Ahmedabad,Kolkata Knight Riders,Wickets,6
14-05-2014,2014,Sunrisers Hyderabad,Kings XI Punjab,Cuttack,Kings XI Punjab,Wickets,6
13-05-2014,2014,Royal Challengers Bangalore,Delhi Daredevils,Hyderabad,Royal Challengers Bangalore,Runs,16
13-05-2014,2014,Chennai Super Kings,Rajasthan Royals,Bangalore,Chennai Super Kings,Wickets,5
05-12-2014,2014,Sunrisers Hyderabad,Mumbai Indians,Ranchi,Mumbai Indians,Wickets,7
05-11-2014,2014,Kings XI Punjab,Kolkata Knight Riders,Hyderabad,Kolkata Knight Riders,Wickets,9
05-11-2014,2014,Royal Challengers Bangalore,Rajasthan Royals,Cuttack,Rajasthan Royals,Wickets,5
05-10-2014,2014,Mumbai Indians,Chennai Super Kings,Bangalore,Chennai Super Kings,Wickets,4
05-10-2014,2014,Delhi Daredevils,Sunrisers Hyderabad,Mumbai,Sunrisers Hyderabad,Wickets,8
05-09-2014,2014,Royal Challengers Bangalore,Kings XI Punjab,Delhi,Kings XI Punjab,Runs,32
05-08-2014,2014,Rajasthan Royals,Sunrisers Hyderabad,Bangalore,Sunrisers Hyderabad,Runs,32
05-07-2014,2014,Delhi Daredevils,Kolkata Knight Riders,Ahmedabad,Kolkata Knight Riders,Wickets,8
05-07-2014,2014,Kings XI Punjab,Chennai Super Kings,Delhi,Kings XI Punjab,Runs,44
05-06-2014,2014,Mumbai Indians,Royal Challengers Bangalore,Cuttack,Mumbai Indians,Runs,19
05-05-2014,2014,Delhi Daredevils,Chennai Super Kings,Mumbai,Chennai Super Kings,Wickets,8
05-05-2014,2014,Rajasthan Royals,Kolkata Knight Riders,Delhi,Rajasthan Royals,Runs,10
05-04-2014,2014,Royal Challengers Bangalore,Sunrisers Hyderabad,Ahmedabad,Royal Challengers Bangalore,Wickets,4
05-03-2014,2014,Delhi Daredevils,Rajasthan Royals,Bangalore,Rajasthan Royals,Wickets,7
05-03-2014,2014,Mumbai Indians,Kings XI Punjab,Delhi,Mumbai Indians,Wickets,5
05-02-2014,2014,Chennai Super Kings,Kolkata Knight Riders,Mumbai,Chennai Super Kings,Runs,34
30-04-2014,2014,Mumbai Indians,Sunrisers Hyderabad,Ranchi,Sunrisers Hyderabad,Runs,15
29-04-2014,2014,Kolkata Knight Riders,Rajasthan Royals,NA,Rajasthan Royals,SuperOver,NA
28-04-2014,2014,Kings XI Punjab,Royal Challengers Bangalore,Abu Dhabi,Kings XI Punjab,Wickets,5
27-04-2014,2014,Sunrisers Hyderabad,Chennai Super Kings,NA,Chennai Super Kings,Wickets,5
27-04-2014,2014,Delhi Daredevils,Mumbai Indians,NA,Delhi Daredevils,Wickets,6
26-04-2014,2014,Kolkata Knight Riders,Kings XI Punjab,NA,Kings XI Punjab,Runs,23
26-04-2014,2014,Rajasthan Royals,Royal Challengers Bangalore,Abu Dhabi,Rajasthan Royals,Wickets,6
25-04-2014,2014,Sunrisers Hyderabad,Delhi Daredevils,Abu Dhabi,Sunrisers Hyderabad,Runs,4
25-04-2014,2014,Chennai Super Kings,Mumbai Indians,NA,Chennai Super Kings,Wickets,7
24-04-2014,2014,Royal Challengers Bangalore,Kolkata Knight Riders,NA,Kolkata Knight Riders,Runs,2
23-04-2014,2014,Rajasthan Royals,Chennai Super Kings,NA,Chennai Super Kings,Runs,7
22-04-2014,2014,Kings XI Punjab,Sunrisers Hyderabad,NA,Kings XI Punjab,Runs,72
21-04-2014,2014,Chennai Super Kings,Delhi Daredevils,NA,Chennai Super Kings,Runs,93
20-04-2014,2014,Rajasthan Royals,Kings XI Punjab,Abu Dhabi,Kings XI Punjab,Wickets,7
19-04-2014,2014,Kolkata Knight Riders,Delhi Daredevils,NA,Delhi Daredevils,Wickets,4
19-04-2014,2014,Royal Challengers Bangalore,Mumbai Indians,NA,Royal Challengers Bangalore,Wickets,7
18-04-2014,2014,Sunrisers Hyderabad,Rajasthan Royals,NA,Rajasthan Royals,Wickets,4
18-04-2014,2014,Chennai Super Kings,Kings XI Punjab,Abu Dhabi,Kings XI Punjab,Wickets,6
17-04-2014,2014,Delhi Daredevils,Royal Challengers Bangalore,Abu Dhabi,Royal Challengers Bangalore,Wickets,8
16-04-2014,2014,Mumbai Indians,Kolkata Knight Riders,NA,Kolkata Knight Riders,Runs,41
26-05-2013,2013,Chennai Super Kings,Mumbai Indians,Abu Dhabi,Mumbai Indians,Runs,23
24-05-2013,2013,Mumbai Indians,Rajasthan Royals,Kolkata,Mumbai Indians,Wickets,4
22-05-2013,2013,Rajasthan Royals,Sunrisers Hyderabad,Kolkata,Rajasthan Royals,Wickets,4
21-05-2013,2013,Chennai Super Kings,Mumbai Indians,Delhi,Chennai Super Kings,Runs,48
19-05-2013,2013,Sunrisers Hyderabad,Kolkata Knight Riders,Delhi,Sunrisers Hyderabad,Wickets,5
19-05-2013,2013,Pune Warriors,Delhi Daredevils,Hyderabad,Pune Warriors,Runs,38
18-05-2013,2013,Royal Challengers Bangalore,Chennai Super Kings,Pune,Royal Challengers Bangalore,Runs,24
18-05-2013,2013,Kings XI Punjab,Mumbai Indians,Bangalore,Kings XI Punjab,Runs,50
17-05-2013,2013,Sunrisers Hyderabad,Rajasthan Royals,Dharamsala,Sunrisers Hyderabad,Runs,23
16-05-2013,2013,Kings XI Punjab,Delhi Daredevils,Hyderabad,Kings XI Punjab,Runs,7
15-05-2013,2013,Mumbai Indians,Rajasthan Royals,Dharamsala,Mumbai Indians,Runs,14
15-05-2013,2013,Kolkata Knight Riders,Pune Warriors,Mumbai,Pune Warriors,Runs,7
14-05-2013,2013,Chennai Super Kings,Delhi Daredevils,Ranchi,Chennai Super Kings,Runs,33
14-05-2013,2013,Royal Challengers Bangalore,Kings XI Punjab,Chennai,Kings XI Punjab,Wickets,7
13-05-2013,2013,Mumbai Indians,Sunrisers Hyderabad,Bangalore,Mumbai Indians,Wickets,7
05-12-2013,2013,Rajasthan Royals,Chennai Super Kings,Mumbai,Rajasthan Royals,Wickets,5
05-12-2013,2013,Kolkata Knight Riders,Royal Challengers Bangalore,Jaipur,Kolkata Knight Riders,Wickets,5
05-11-2013,2013,Kings XI Punjab,Sunrisers Hyderabad,Ranchi,Sunrisers Hyderabad,Runs,30
05-11-2013,2013,Pune Warriors,Mumbai Indians,Chandigarh,Mumbai Indians,Wickets,5
05-10-2013,2013,Delhi Daredevils,Royal Challengers Bangalore,Pune,Royal Challengers Bangalore,Runs,4
05-09-2013,2013,Pune Warriors,Kolkata Knight Riders,Delhi,Kolkata Knight Riders,Runs,46
05-09-2013,2013,Kings XI Punjab,Rajasthan Royals,Pune,Rajasthan Royals,Wickets,8
05-08-2013,2013,Sunrisers Hyderabad,Chennai Super Kings,Chandigarh,Chennai Super Kings,Runs,77
05-07-2013,2013,Rajasthan Royals,Delhi Daredevils,Hyderabad,Rajasthan Royals,Wickets,9
05-07-2013,2013,Mumbai Indians,Kolkata Knight Riders,Jaipur,Mumbai Indians,Runs,65
05-06-2013,2013,Kings XI Punjab,Royal Challengers Bangalore,Mumbai,Kings XI Punjab,Wickets,6
05-05-2013,2013,Rajasthan Royals,Pune Warriors,Chandigarh,Rajasthan Royals,Wickets,5
05-05-2013,2013,Mumbai Indians,Chennai Super Kings,Jaipur,Mumbai Indians,Runs,60
05-04-2013,2013,Sunrisers Hyderabad,Delhi Daredevils,Mumbai,Sunrisers Hyderabad,Wickets,6
05-03-2013,2013,Kolkata Knight Riders,Rajasthan Royals,Hyderabad,Kolkata Knight Riders,Wickets,8
05-02-2013,2013,Pune Warriors,Royal Challengers Bangalore,Kolkata,Royal Challengers Bangalore,Runs,17
05-02-2013,2013,Chennai Super Kings,Kings XI Punjab,Pune,Chennai Super Kings,Runs,15
05-01-2013,2013,Delhi Daredevils,Kolkata Knight Riders,Chennai,Delhi Daredevils,Wickets,7
05-01-2013,2013,Sunrisers Hyderabad,Mumbai Indians,Raipur,Sunrisers Hyderabad,Wickets,7
30-04-2013,2013,Pune Warriors,Chennai Super Kings,Hyderabad,Chennai Super Kings,Runs,37
29-04-2013,2013,Mumbai Indians,Kings XI Punjab,Pune,Mumbai Indians,Runs,4
29-04-2013,2013,Rajasthan Royals,Royal Challengers Bangalore,Mumbai,Rajasthan Royals,Wickets,4
28-04-2013,2013,Chennai Super Kings,Kolkata Knight Riders,Jaipur,Chennai Super Kings,Runs,14
28-04-2013,2013,Delhi Daredevils,Pune Warriors,Chennai,Delhi Daredevils,Runs,15
27-04-2013,2013,Mumbai Indians,Royal Challengers Bangalore,Raipur,Mumbai Indians,Runs,58
27-04-2013,2013,Rajasthan Royals,Sunrisers Hyderabad,Mumbai,Rajasthan Royals,Wickets,8
26-04-2013,2013,Kolkata Knight Riders,Kings XI Punjab,Jaipur,Kolkata Knight Riders,Wickets,6
25-04-2013,2013,Chennai Super Kings,Sunrisers Hyderabad,Kolkata,Chennai Super Kings,Wickets,5
24-04-2013,2013,Kolkata Knight Riders,Mumbai Indians,Chennai,Mumbai Indians,Wickets,5
23-04-2013,2013,Delhi Daredevils,Kings XI Punjab,Kolkata,Kings XI Punjab,Wickets,5
23-04-2013,2013,Royal Challengers Bangalore,Pune Warriors,Delhi,Royal Challengers Bangalore,Runs,130
22-04-2013,2013,Chennai Super Kings,Rajasthan Royals,Bangalore,Chennai Super Kings,Wickets,5
21-04-2013,2013,Kings XI Punjab,Pune Warriors,Chennai,Kings XI Punjab,Wickets,7
21-04-2013,2013,Delhi Daredevils,Mumbai Indians,Chandigarh,Delhi Daredevils,Wickets,9
20-04-2013,2013,Royal Challengers Bangalore,Rajasthan Royals,Delhi,Royal Challengers Bangalore,Wickets,7
20-04-2013,2013,Kolkata Knight Riders,Chennai Super Kings,Bangalore,Chennai Super Kings,Wickets,4
19-04-2013,2013,Sunrisers Hyderabad,Kings XI Punjab,Kolkata,Sunrisers Hyderabad,Wickets,5
18-04-2013,2013,Delhi Daredevils,Chennai Super Kings,Hyderabad,Chennai Super Kings,Runs,86
17-04-2013,2013,Rajasthan Royals,Mumbai Indians,Delhi,Rajasthan Royals,Runs,87
17-04-2013,2013,Pune Warriors,Sunrisers Hyderabad,Jaipur,Sunrisers Hyderabad,Runs,11
16-04-2013,2013,Kings XI Punjab,Kolkata Knight Riders,Pune,Kings XI Punjab,Runs,4
16-04-2013,2013,Royal Challengers Bangalore,Delhi Daredevils,Chandigarh,Royal Challengers Bangalore,SuperOver,NA
15-04-2013,2013,Chennai Super Kings,Pune Warriors,Bangalore,Pune Warriors,Runs,24
14-04-2013,2013,Rajasthan Royals,Kings XI Punjab,Chennai,Rajasthan Royals,Wickets,6
14-04-2013,2013,Kolkata Knight Riders,Sunrisers Hyderabad,Jaipur,Kolkata Knight Riders,Runs,48
13-04-2013,2013,Chennai Super Kings,Royal Challengers Bangalore,Kolkata,Chennai Super Kings,Wickets,4
13-04-2013,2013,Mumbai Indians,Pune Warriors,Chennai,Mumbai Indians,Runs,41
04-12-2013,2013,Delhi Daredevils,Sunrisers Hyderabad,Mumbai,Sunrisers Hyderabad,Wickets,3
04-11-2013,2013,Pune Warriors,Rajasthan Royals,Delhi,Pune Warriors,Wickets,7
04-11-2013,2013,Royal Challengers Bangalore,Kolkata Knight Riders,Pune,Royal Challengers Bangalore,Wickets,8
04-10-2013,2013,Kings XI Punjab,Chennai Super Kings,Bangalore,Chennai Super Kings,Wickets,10
04-09-2013,2013,Royal Challengers Bangalore,Sunrisers Hyderabad,Chandigarh,Royal Challengers Bangalore,Wickets,7
04-09-2013,2013,Mumbai Indians,Delhi Daredevils,Bangalore,Mumbai Indians,Runs,44
04-08-2013,2013,Rajasthan Royals,Kolkata Knight Riders,Mumbai,Rajasthan Royals,Runs,19
04-07-2013,2013,Sunrisers Hyderabad,Royal Challengers Bangalore,Jaipur,Sunrisers Hyderabad,SuperOver,NA
04-07-2013,2013,Pune Warriors,Kings XI Punjab,Hyderabad,Kings XI Punjab,Wickets,8
04-06-2013,2013,Chennai Super Kings,Mumbai Indians,Pune,Mumbai Indians,Runs,9
04-06-2013,2013,Delhi Daredevils,Rajasthan Royals,Chennai,Rajasthan Royals,Runs,5
04-05-2013,2013,Sunrisers Hyderabad,Pune Warriors,Delhi,Sunrisers Hyderabad,Runs,22
04-04-2013,2013,Royal Challengers Bangalore,Mumbai Indians,Hyderabad,Royal Challengers Bangalore,Runs,2
04-03-2013,2013,Kolkata Knight Riders,Delhi Daredevils,Bangalore,Kolkata Knight Riders,Wickets,6
27-05-2012,2012,Kolkata Knight Riders,Chennai Super Kings,Kolkata,Kolkata Knight Riders,Wickets,5
25-05-2012,2012,Delhi Daredevils,Chennai Super Kings,Chennai,Chennai Super Kings,Runs,86
23-05-2012,2012,Chennai Super Kings,Mumbai Indians,Chennai,Chennai Super Kings,Runs,38
22-05-2012,2012,Delhi Daredevils,Kolkata Knight Riders,Bangalore,Kolkata Knight Riders,Runs,18
20-05-2012,2012,Rajasthan Royals,Mumbai Indians,Pune,Mumbai Indians,Wickets,10
20-05-2012,2012,Deccan Chargers,Royal Challengers Bangalore,Jaipur,Deccan Chargers,Runs,9
19-05-2012,2012,Pune Warriors,Kolkata Knight Riders,Hyderabad,Kolkata Knight Riders,Runs,34
19-05-2012,2012,Kings XI Punjab,Delhi Daredevils,Pune,Delhi Daredevils,Wickets,6
18-05-2012,2012,Deccan Chargers,Rajasthan Royals,Dharamsala,Deccan Chargers,Wickets,5
17-05-2012,2012,Kings XI Punjab,Chennai Super Kings,Hyderabad,Kings XI Punjab,Wickets,6
17-05-2012,2012,Delhi Daredevils,Royal Challengers Bangalore,Dharamsala,Royal Challengers Bangalore,Runs,21
16-05-2012,2012,Mumbai Indians,Kolkata Knight Riders,Delhi,Kolkata Knight Riders,Runs,32
15-05-2012,2012,Delhi Daredevils,Kings XI Punjab,Mumbai,Delhi Daredevils,Wickets,5
14-05-2012,2012,Kolkata Knight Riders,Chennai Super Kings,Delhi,Chennai Super Kings,Wickets,5
14-05-2012,2012,Royal Challengers Bangalore,Mumbai Indians,Kolkata,Mumbai Indians,Wickets,5
13-05-2012,2012,Kings XI Punjab,Deccan Chargers,Bangalore,Kings XI Punjab,Wickets,4
13-05-2012,2012,Rajasthan Royals,Pune Warriors,Chandigarh,Rajasthan Royals,Runs,45
05-12-2012,2012,Chennai Super Kings,Delhi Daredevils,Jaipur,Chennai Super Kings,Wickets,9
05-12-2012,2012,Kolkata Knight Riders,Mumbai Indians,Chennai,Mumbai Indians,Runs,27
05-11-2012,2012,Pune Warriors,Royal Challengers Bangalore,Kolkata,Royal Challengers Bangalore,Runs,35
05-10-2012,2012,Rajasthan Royals,Chennai Super Kings,Pune,Chennai Super Kings,Wickets,4
05-10-2012,2012,Deccan Chargers,Delhi Daredevils,Jaipur,Delhi Daredevils,Wickets,9
05-09-2012,2012,Mumbai Indians,Royal Challengers Bangalore,Hyderabad,Royal Challengers Bangalore,Wickets,9
05-08-2012,2012,Deccan Chargers,Kings XI Punjab,Mumbai,Kings XI Punjab,Runs,25
05-08-2012,2012,Pune Warriors,Rajasthan Royals,Hyderabad,Rajasthan Royals,Wickets,7
05-07-2012,2012,Delhi Daredevils,Kolkata Knight Riders,Pune,Kolkata Knight Riders,Wickets,6
05-06-2012,2012,Royal Challengers Bangalore,Deccan Chargers,Delhi,Royal Challengers Bangalore,Wickets,5
05-06-2012,2012,Mumbai Indians,Chennai Super Kings,Bangalore,Mumbai Indians,Wickets,2
05-05-2012,2012,Kings XI Punjab,Rajasthan Royals,Mumbai,Rajasthan Royals,Runs,43
05-05-2012,2012,Kolkata Knight Riders,Pune Warriors,Chandigarh,Kolkata Knight Riders,Runs,7
05-04-2012,2012,Chennai Super Kings,Deccan Chargers,Kolkata,Chennai Super Kings,Runs,10
05-03-2012,2012,Pune Warriors,Mumbai Indians,Chennai,Mumbai Indians,Runs,1
05-02-2012,2012,Royal Challengers Bangalore,Kings XI Punjab,Pune,Kings XI Punjab,Wickets,4
05-01-2012,2012,Rajasthan Royals,Delhi Daredevils,Bangalore,Delhi Daredevils,Wickets,6
05-01-2012,2012,Deccan Chargers,Pune Warriors,Jaipur,Deccan Chargers,Runs,13
30-04-2012,2012,Chennai Super Kings,Kolkata Knight Riders,Cuttack,Kolkata Knight Riders,Wickets,5
29-04-2012,2012,Mumbai Indians,Deccan Chargers,Chennai,Mumbai Indians,Wickets,5
29-04-2012,2012,Delhi Daredevils,Rajasthan Royals,Mumbai,Delhi Daredevils,Runs,1
28-04-2012,2012,Kolkata Knight Riders,Royal Challengers Bangalore,Delhi,Kolkata Knight Riders,Runs,47
28-04-2012,2012,Chennai Super Kings,Kings XI Punjab,Kolkata,Kings XI Punjab,Runs,7
27-04-2012,2012,Delhi Daredevils,Mumbai Indians,Chennai,Delhi Daredevils,Runs,37
26-04-2012,2012,Pune Warriors,Deccan Chargers,Delhi,Deccan Chargers,Runs,18
25-04-2012,2012,Kings XI Punjab,Mumbai Indians,Pune,Mumbai Indians,Wickets,4
24-04-2012,2012,Pune Warriors,Delhi Daredevils,Chandigarh,Delhi Daredevils,Wickets,8
23-04-2012,2012,Rajasthan Royals,Royal Challengers Bangalore,Pune,Royal Challengers Bangalore,Runs,46
22-04-2012,2012,Mumbai Indians,Kings XI Punjab,Jaipur,Kings XI Punjab,Wickets,6
22-04-2012,2012,Deccan Chargers,Kolkata Knight Riders,Mumbai,Kolkata Knight Riders,Wickets,5
21-04-2012,2012,Delhi Daredevils,Pune Warriors,Cuttack,Pune Warriors,Runs,20
21-04-2012,2012,Chennai Super Kings,Rajasthan Royals,Delhi,Chennai Super Kings,Wickets,7
20-04-2012,2012,Kings XI Punjab,Royal Challengers Bangalore,Chennai,Royal Challengers Bangalore,Wickets,5
19-04-2012,2012,Chennai Super Kings,Pune Warriors,Chandigarh,Chennai Super Kings,Runs,13
19-04-2012,2012,Delhi Daredevils,Deccan Chargers,Chennai,Delhi Daredevils,Wickets,5
18-04-2012,2012,Kings XI Punjab,Kolkata Knight Riders,Delhi,Kolkata Knight Riders,Wickets,8
17-04-2012,2012,Royal Challengers Bangalore,Pune Warriors,Chandigarh,Royal Challengers Bangalore,Wickets,6
17-04-2012,2012,Rajasthan Royals,Deccan Chargers,Bangalore,Rajasthan Royals,Wickets,5
16-04-2012,2012,Mumbai Indians,Delhi Daredevils,Jaipur,Delhi Daredevils,Wickets,7
15-04-2012,2012,Royal Challengers Bangalore,Rajasthan Royals,Mumbai,Rajasthan Royals,Runs,59
15-04-2012,2012,Kolkata Knight Riders,Kings XI Punjab,Bangalore,Kings XI Punjab,Runs,2
14-04-2012,2012,Pune Warriors,Chennai Super Kings,Kolkata,Pune Warriors,Wickets,7
13-04-2012,2012,Kolkata Knight Riders,Rajasthan Royals,Pune,Kolkata Knight Riders,Wickets,5
04-12-2012,2012,Kings XI Punjab,Pune Warriors,Kolkata,Kings XI Punjab,Wickets,7
04-12-2012,2012,Chennai Super Kings,Royal Challengers Bangalore,Chandigarh,Chennai Super Kings,Wickets,5
04-11-2012,2012,Mumbai Indians,Rajasthan Royals,Chennai,Mumbai Indians,Runs,27
04-10-2012,2012,Delhi Daredevils,Chennai Super Kings,Mumbai,Delhi Daredevils,Wickets,8
04-10-2012,2012,Royal Challengers Bangalore,Kolkata Knight Riders,Delhi,Kolkata Knight Riders,Runs,42
04-09-2012,2012,Deccan Chargers,Mumbai Indians,Bangalore,Mumbai Indians,Wickets,5
04-08-2012,2012,Pune Warriors,Kings XI Punjab,Visakhapatnam,Pune Warriors,Runs,22
04-08-2012,2012,Rajasthan Royals,Kolkata Knight Riders,Pune,Rajasthan Royals,Runs,22
04-07-2012,2012,Deccan Chargers,Chennai Super Kings,Jaipur,Chennai Super Kings,Runs,74
04-07-2012,2012,Royal Challengers Bangalore,Delhi Daredevils,Visakhapatnam,Royal Challengers Bangalore,Runs,20
04-06-2012,2012,Rajasthan Royals,Kings XI Punjab,Bangalore,Rajasthan Royals,Runs,31
04-06-2012,2012,Mumbai Indians,Pune Warriors,Jaipur,Pune Warriors,Runs,28
04-05-2012,2012,Kolkata Knight Riders,Delhi Daredevils,Mumbai,Delhi Daredevils,Wickets,8
04-04-2012,2012,Chennai Super Kings,Mumbai Indians,Kolkata,Mumbai Indians,Wickets,8
28-05-2011,2011,Chennai Super Kings,Royal Challengers Bangalore,Chennai,Chennai Super Kings,Runs,58
27-05-2011,2011,Royal Challengers Bangalore,Mumbai Indians,Chennai,Royal Challengers Bangalore,Runs,43
25-05-2011,2011,Mumbai Indians,Kolkata Knight Riders,Chennai,Mumbai Indians,Wickets,4
24-05-2011,2011,Royal Challengers Bangalore,Chennai Super Kings,Mumbai,Chennai Super Kings,Wickets,6
22-05-2011,2011,Kolkata Knight Riders,Mumbai Indians,Mumbai,Mumbai Indians,Wickets,5
22-05-2011,2011,Royal Challengers Bangalore,Chennai Super Kings,Kolkata,Royal Challengers Bangalore,Wickets,8
21-05-2011,2011,Delhi Daredevils,Pune Warriors,Bangalore,NA,NoResults,NA
21-05-2011,2011,Kings XI Punjab,Deccan Chargers,Delhi,Deccan Chargers,Runs,82
20-05-2011,2011,Mumbai Indians,Rajasthan Royals,Dharamsala,Rajasthan Royals,Wickets,10
19-05-2011,2011,Pune Warriors,Kolkata Knight Riders,Mumbai,Kolkata Knight Riders,Wickets,7
18-05-2011,2011,Chennai Super Kings,Kochi Tuskers Kerala,Mumbai,Chennai Super Kings,Runs,11
17-05-2011,2011,Kings XI Punjab,Royal Challengers Bangalore,Chennai,Kings XI Punjab,Runs,111
16-05-2011,2011,Pune Warriors,Deccan Chargers,Dharamsala,Deccan Chargers,Wickets,6
15-05-2011,2011,Kochi Tuskers Kerala,Rajasthan Royals,Mumbai,Kochi Tuskers Kerala,Wickets,8
15-05-2011,2011,Kings XI Punjab,Delhi Daredevils,Indore,Kings XI Punjab,Runs,29
14-05-2011,2011,Royal Challengers Bangalore,Kolkata Knight Riders,Dharamsala,Royal Challengers Bangalore,Wickets,4
14-05-2011,2011,Mumbai Indians,Deccan Chargers,Bangalore,Deccan Chargers,Runs,10
13-05-2011,2011,Kochi Tuskers Kerala,Kings XI Punjab,Mumbai,Kings XI Punjab,Wickets,6
05-12-2011,2011,Chennai Super Kings,Delhi Daredevils,Indore,Chennai Super Kings,Runs,18
05-11-2011,2011,Rajasthan Royals,Royal Challengers Bangalore,Chennai,Royal Challengers Bangalore,Wickets,9
05-10-2011,2011,Kings XI Punjab,Mumbai Indians,Jaipur,Kings XI Punjab,Runs,76
05-10-2011,2011,Deccan Chargers,Pune Warriors,Chandigarh,Pune Warriors,Wickets,6
05-09-2011,2011,Rajasthan Royals,Chennai Super Kings,Hyderabad,Chennai Super Kings,Runs,63
05-08-2011,2011,Kings XI Punjab,Pune Warriors,Jaipur,Pune Warriors,Wickets,5
05-08-2011,2011,Royal Challengers Bangalore,Kochi Tuskers Kerala,Chandigarh,Royal Challengers Bangalore,Wickets,9
05-07-2011,2011,Mumbai Indians,Delhi Daredevils,Bangalore,Mumbai Indians,Runs,32
05-07-2011,2011,Kolkata Knight Riders,Chennai Super Kings,Mumbai,Kolkata Knight Riders,Runs,10
05-06-2011,2011,Royal Challengers Bangalore,Kings XI Punjab,Kolkata,Royal Challengers Bangalore,Runs,85
05-05-2011,2011,Deccan Chargers,Delhi Daredevils,Bangalore,Delhi Daredevils,Wickets,4
05-05-2011,2011,Kochi Tuskers Kerala,Kolkata Knight Riders,Hyderabad,Kochi Tuskers Kerala,Runs,17
05-04-2011,2011,Pune Warriors,Mumbai Indians,Kochi,Mumbai Indians,Runs,21
05-04-2011,2011,Chennai Super Kings,Rajasthan Royals,Mumbai,Chennai Super Kings,Wickets,8
05-03-2011,2011,Deccan Chargers,Kolkata Knight Riders,Chennai,Kolkata Knight Riders,Runs,20
05-02-2011,2011,Delhi Daredevils,Kochi Tuskers Kerala,Hyderabad,Kochi Tuskers Kerala,Wickets,7
05-02-2011,2011,Mumbai Indians,Kings XI Punjab,Delhi,Mumbai Indians,Runs,23
05-01-2011,2011,Rajasthan Royals,Pune Warriors,Mumbai,Rajasthan Royals,Wickets,6
05-01-2011,2011,Chennai Super Kings,Deccan Chargers,Jaipur,Chennai Super Kings,Runs,19
30-04-2011,2011,Kochi Tuskers Kerala,Delhi Daredevils,Chennai,Delhi Daredevils,Runs,38
30-04-2011,2011,Kolkata Knight Riders,Kings XI Punjab,Kochi,Kolkata Knight Riders,Wickets,8
29-04-2011,2011,Royal Challengers Bangalore,Pune Warriors,Kolkata,Royal Challengers Bangalore,Runs,26
29-04-2011,2011,Rajasthan Royals,Mumbai Indians,Bangalore,Rajasthan Royals,Wickets,7
28-04-2011,2011,Delhi Daredevils,Kolkata Knight Riders,Jaipur,Kolkata Knight Riders,Runs,17
27-04-2011,2011,Pune Warriors,Chennai Super Kings,Delhi,Chennai Super Kings,Wickets,8
27-04-2011,2011,Kochi Tuskers Kerala,Deccan Chargers,Mumbai,Deccan Chargers,Runs,55
26-04-2011,2011,Delhi Daredevils,Royal Challengers Bangalore,Kochi,Royal Challengers Bangalore,Wickets,3
25-04-2011,2011,Chennai Super Kings,Pune Warriors,Delhi,Chennai Super Kings,Runs,25
24-04-2011,2011,Rajasthan Royals,Kochi Tuskers Kerala,Chennai,Rajasthan Royals,Wickets,8
24-04-2011,2011,Deccan Chargers,Mumbai Indians,Jaipur,Mumbai Indians,Runs,37
23-04-2011,2011,Delhi Daredevils,Kings XI Punjab,Hyderabad,Delhi Daredevils,Runs,29
22-04-2011,2011,Kolkata Knight Riders,Royal Challengers Bangalore,Delhi,Royal Challengers Bangalore,Wickets,9
22-04-2011,2011,Mumbai Indians,Chennai Super Kings,Kolkata,Mumbai Indians,Runs,8
21-04-2011,2011,Kings XI Punjab,Rajasthan Royals,Mumbai,Kings XI Punjab,Runs,48
20-04-2011,2011,Mumbai Indians,Pune Warriors,Chandigarh,Mumbai Indians,Wickets,7
20-04-2011,2011,Kolkata Knight Riders,Kochi Tuskers Kerala,Mumbai,Kochi Tuskers Kerala,Runs,6
19-04-2011,2011,Delhi Daredevils,Deccan Chargers,Kolkata,Deccan Chargers,Runs,16
18-04-2011,2011,Kochi Tuskers Kerala,Chennai Super Kings,Delhi,Kochi Tuskers Kerala,Wickets,7
17-04-2011,2011,Kolkata Knight Riders,Rajasthan Royals,Kochi,Kolkata Knight Riders,Wickets,8
17-04-2011,2011,Pune Warriors,Delhi Daredevils,Kolkata,Delhi Daredevils,Wickets,3
16-04-2011,2011,Deccan Chargers,Kings XI Punjab,Mumbai,Kings XI Punjab,Wickets,8
16-04-2011,2011,Chennai Super Kings,Royal Challengers Bangalore,Hyderabad,Chennai Super Kings,Runs,21
15-04-2011,2011,Mumbai Indians,Kochi Tuskers Kerala,Chennai,Kochi Tuskers Kerala,Wickets,8
15-04-2011,2011,Rajasthan Royals,Kolkata Knight Riders,Mumbai,Kolkata Knight Riders,Wickets,9
14-04-2011,2011,Deccan Chargers,Royal Challengers Bangalore,Jaipur,Deccan Chargers,Runs,33
13-04-2011,2011,Pune Warriors,Kochi Tuskers Kerala,Hyderabad,Pune Warriors,Wickets,4
13-04-2011,2011,Kings XI Punjab,Chennai Super Kings,Mumbai,Kings XI Punjab,Wickets,6
04-12-2011,2011,Rajasthan Royals,Delhi Daredevils,Chandigarh,Rajasthan Royals,Wickets,6
04-12-2011,2011,Royal Challengers Bangalore,Mumbai Indians,Jaipur,Mumbai Indians,Wickets,9
04-11-2011,2011,Kolkata Knight Riders,Deccan Chargers,Bangalore,Kolkata Knight Riders,Runs,9
04-10-2011,2011,Pune Warriors,Kings XI Punjab,Kolkata,Pune Warriors,Wickets,7
04-10-2011,2011,Delhi Daredevils,Mumbai Indians,Mumbai,Mumbai Indians,Wickets,8
04-09-2011,2011,Kochi Tuskers Kerala,Royal Challengers Bangalore,Delhi,Royal Challengers Bangalore,Wickets,6
04-09-2011,2011,Deccan Chargers,Rajasthan Royals,Kochi,Rajasthan Royals,Wickets,8
04-08-2011,2011,Chennai Super Kings,Kolkata Knight Riders,Hyderabad,Chennai Super Kings,Runs,2
25-04-2010,2009/10,Chennai Super Kings,Mumbai Indians,Chennai,Chennai Super Kings,Runs,22
24-04-2010,2009/10,Royal Challengers Bangalore,Deccan Chargers,Mumbai,Royal Challengers Bangalore,Wickets,9
22-04-2010,2009/10,Chennai Super Kings,Deccan Chargers,Mumbai,Chennai Super Kings,Runs,38
21-04-2010,2009/10,Royal Challengers Bangalore,Mumbai Indians,Mumbai,Mumbai Indians,Runs,35
19-04-2010,2009/10,Kolkata Knight Riders,Mumbai Indians,Mumbai,Kolkata Knight Riders,Wickets,9
18-04-2010,2009/10,Delhi Daredevils,Deccan Chargers,Kolkata,Deccan Chargers,Runs,11
18-04-2010,2009/10,Kings XI Punjab,Chennai Super Kings,Delhi,Chennai Super Kings,Wickets,6
17-04-2010,2009/10,Kolkata Knight Riders,Rajasthan Royals,Dharamsala,Kolkata Knight Riders,Wickets,8
17-04-2010,2009/10,Royal Challengers Bangalore,Mumbai Indians,Kolkata,Mumbai Indians,Runs,57
16-04-2010,2009/10,Kings XI Punjab,Deccan Chargers,Bangalore,Deccan Chargers,Wickets,5
15-04-2010,2009/10,Chennai Super Kings,Delhi Daredevils,Dharamsala,Delhi Daredevils,Wickets,6
14-04-2010,2009/10,Rajasthan Royals,Royal Challengers Bangalore,Chennai,Royal Challengers Bangalore,Wickets,5
13-04-2010,2009/10,Chennai Super Kings,Kolkata Knight Riders,Jaipur,Chennai Super Kings,Wickets,9
13-04-2010,2009/10,Mumbai Indians,Delhi Daredevils,Chennai,Mumbai Indians,Runs,39
04-12-2010,2009/10,Deccan Chargers,Royal Challengers Bangalore,Mumbai,Deccan Chargers,Runs,13
04-11-2010,2009/10,Rajasthan Royals,Mumbai Indians,Nagpur,Mumbai Indians,Runs,37
04-11-2010,2009/10,Delhi Daredevils,Kings XI Punjab,Jaipur,Kings XI Punjab,Wickets,7
04-10-2010,2009/10,Royal Challengers Bangalore,Kolkata Knight Riders,Delhi,Royal Challengers Bangalore,Wickets,7
04-10-2010,2009/10,Deccan Chargers,Chennai Super Kings,Bangalore,Deccan Chargers,Wickets,6
04-09-2010,2009/10,Kings XI Punjab,Mumbai Indians,Nagpur,Kings XI Punjab,Wickets,6
04-08-2010,2009/10,Royal Challengers Bangalore,Deccan Chargers,Chandigarh,Deccan Chargers,Wickets,7
04-07-2010,2009/10,Kolkata Knight Riders,Delhi Daredevils,Bangalore,Kolkata Knight Riders,Runs,14
04-07-2010,2009/10,Rajasthan Royals,Kings XI Punjab,Kolkata,Rajasthan Royals,Wickets,9
04-06-2010,2009/10,Chennai Super Kings,Mumbai Indians,Jaipur,Chennai Super Kings,Runs,24
04-05-2010,2009/10,Deccan Chargers,Rajasthan Royals,Chennai,Rajasthan Royals,Runs,2
04-04-2010,2009/10,Kolkata Knight Riders,Kings XI Punjab,Nagpur,Kings XI Punjab,Wickets,8
04-04-2010,2009/10,Delhi Daredevils,Royal Challengers Bangalore,Kolkata,Delhi Daredevils,Runs,37
04-03-2010,2009/10,Mumbai Indians,Deccan Chargers,Delhi,Mumbai Indians,Runs,63
04-03-2010,2009/10,Chennai Super Kings,Rajasthan Royals,Mumbai,Chennai Super Kings,Runs,23
04-02-2010,2009/10,Kings XI Punjab,Royal Challengers Bangalore,Chennai,Royal Challengers Bangalore,Wickets,6
04-01-2010,2009/10,Kolkata Knight Riders,Deccan Chargers,Chandigarh,Kolkata Knight Riders,Runs,24
31-03-2010,2009/10,Delhi Daredevils,Rajasthan Royals,Kolkata,Delhi Daredevils,Runs,67
31-03-2010,2009/10,Chennai Super Kings,Royal Challengers Bangalore,Delhi,Chennai Super Kings,Wickets,5
30-03-2010,2009/10,Mumbai Indians,Kings XI Punjab,Chennai,Mumbai Indians,Wickets,4
29-03-2010,2009/10,Delhi Daredevils,Kolkata Knight Riders,Mumbai,Delhi Daredevils,Runs,40
28-03-2010,2009/10,Deccan Chargers,Mumbai Indians,Delhi,Mumbai Indians,Runs,41
28-03-2010,2009/10,Rajasthan Royals,Chennai Super Kings,Mumbai,Rajasthan Royals,Runs,17
27-03-2010,2009/10,Kings XI Punjab,Kolkata Knight Riders,Ahmedabad,Kolkata Knight Riders,Runs,39
26-03-2010,2009/10,Rajasthan Royals,Deccan Chargers,Chandigarh,Rajasthan Royals,Wickets,8
25-03-2010,2009/10,Chennai Super Kings,Mumbai Indians,Ahmedabad,Mumbai Indians,Wickets,5
25-03-2010,2009/10,Royal Challengers Bangalore,Delhi Daredevils,Mumbai,Delhi Daredevils,Runs,17
24-03-2010,2009/10,Kings XI Punjab,Rajasthan Royals,Bangalore,Rajasthan Royals,Runs,31
23-03-2010,2009/10,Royal Challengers Bangalore,Chennai Super Kings,Chandigarh,Royal Challengers Bangalore,Runs,36
22-03-2010,2009/10,Mumbai Indians,Kolkata Knight Riders,Bangalore,Mumbai Indians,Wickets,7
21-03-2010,2009/10,Chennai Super Kings,Kings XI Punjab,Mumbai,Kings XI Punjab,SuperOver,NA
21-03-2010,2009/10,Deccan Chargers,Delhi Daredevils,Chennai,Deccan Chargers,Runs,10
20-03-2010,2009/10,Mumbai Indians,Royal Challengers Bangalore,Cuttack,Royal Challengers Bangalore,Wickets,7
20-03-2010,2009/10,Rajasthan Royals,Kolkata Knight Riders,Mumbai,Rajasthan Royals,Runs,34
19-03-2010,2009/10,Delhi Daredevils,Chennai Super Kings,Ahmedabad,Chennai Super Kings,Wickets,5
19-03-2010,2009/10,Deccan Chargers,Kings XI Punjab,Delhi,Deccan Chargers,Runs,6
18-03-2010,2009/10,Royal Challengers Bangalore,Rajasthan Royals,Cuttack,Royal Challengers Bangalore,Wickets,10
17-03-2010,2009/10,Delhi Daredevils,Mumbai Indians,Bangalore,Mumbai Indians,Runs,98
16-03-2010,2009/10,Kolkata Knight Riders,Chennai Super Kings,Delhi,Chennai Super Kings,Runs,55
16-03-2010,2009/10,Royal Challengers Bangalore,Kings XI Punjab,Kolkata,Royal Challengers Bangalore,Wickets,8
15-03-2010,2009/10,Rajasthan Royals,Delhi Daredevils,Bangalore,Delhi Daredevils,Wickets,6
14-03-2010,2009/10,Kolkata Knight Riders,Royal Challengers Bangalore,Ahmedabad,Kolkata Knight Riders,Wickets,7
14-03-2010,2009/10,Chennai Super Kings,Deccan Chargers,Kolkata,Deccan Chargers,Runs,31
13-03-2010,2009/10,Kings XI Punjab,Delhi Daredevils,Chennai,Delhi Daredevils,Wickets,5
13-03-2010,2009/10,Mumbai Indians,Rajasthan Royals,Chandigarh,Mumbai Indians,Runs,4
03-12-2010,2009/10,Deccan Chargers,Kolkata Knight Riders,Mumbai,Kolkata Knight Riders,Runs,11
24-05-2009,2009,Royal Challengers Bangalore,Deccan Chargers,Mumbai,Deccan Chargers,Runs,6
23-05-2009,2009,Royal Challengers Bangalore,Chennai Super Kings,Johannesburg,Royal Challengers Bangalore,Wickets,6
22-05-2009,2009,Delhi Daredevils,Deccan Chargers,Johannesburg,Deccan Chargers,Wickets,6
21-05-2009,2009,Royal Challengers Bangalore,Deccan Chargers,Centurion,Royal Challengers Bangalore,Runs,12
21-05-2009,2009,Delhi Daredevils,Mumbai Indians,Centurion,Delhi Daredevils,Wickets,4
20-05-2009,2009,Chennai Super Kings,Kings XI Punjab,Centurion,Chennai Super Kings,Runs,24
20-05-2009,2009,Kolkata Knight Riders,Rajasthan Royals,Durban,Kolkata Knight Riders,Wickets,4
19-05-2009,2009,Royal Challengers Bangalore,Delhi Daredevils,Durban,Royal Challengers Bangalore,Wickets,7
18-05-2009,2009,Chennai Super Kings,Kolkata Knight Riders,Johannesburg,Kolkata Knight Riders,Wickets,7
17-05-2009,2009,Delhi Daredevils,Rajasthan Royals,Centurion,Delhi Daredevils,Runs,14
17-05-2009,2009,Deccan Chargers,Kings XI Punjab,Bloemfontein,Kings XI Punjab,Runs,1
16-05-2009,2009,Chennai Super Kings,Mumbai Indians,Johannesburg,Chennai Super Kings,Wickets,7
16-05-2009,2009,Deccan Chargers,Kolkata Knight Riders,Port Elizabeth,Deccan Chargers,Wickets,6
15-05-2009,2009,Delhi Daredevils,Kings XI Punjab,Johannesburg,Kings XI Punjab,Wickets,6
14-05-2009,2009,Mumbai Indians,Rajasthan Royals,Bloemfontein,Rajasthan Royals,Runs,2
14-05-2009,2009,Royal Challengers Bangalore,Chennai Super Kings,Durban,Royal Challengers Bangalore,Wickets,2
13-05-2009,2009,Deccan Chargers,Delhi Daredevils,Durban,Delhi Daredevils,Runs,12
05-12-2009,2009,Kings XI Punjab,Mumbai Indians,Durban,Mumbai Indians,Wickets,8
05-12-2009,2009,Royal Challengers Bangalore,Kolkata Knight Riders,Centurion,Royal Challengers Bangalore,Wickets,6
05-11-2009,2009,Deccan Chargers,Rajasthan Royals,Centurion,Deccan Chargers,Runs,53
05-10-2009,2009,Delhi Daredevils,Kolkata Knight Riders,Kimberley,Delhi Daredevils,Wickets,7
05-10-2009,2009,Royal Challengers Bangalore,Mumbai Indians,Johannesburg,Mumbai Indians,Runs,16
05-09-2009,2009,Deccan Chargers,Kings XI Punjab,Port Elizabeth,Kings XI Punjab,Wickets,3
05-09-2009,2009,Chennai Super Kings,Rajasthan Royals,Kimberley,Chennai Super Kings,Wickets,7
05-08-2009,2009,Delhi Daredevils,Mumbai Indians,Kimberley,Delhi Daredevils,Wickets,7
05-07-2009,2009,Chennai Super Kings,Kings XI Punjab,East London,Chennai Super Kings,Runs,12
05-07-2009,2009,Royal Challengers Bangalore,Rajasthan Royals,Centurion,Rajasthan Royals,Wickets,7
05-06-2009,2009,Deccan Chargers,Mumbai Indians,Centurion,Deccan Chargers,Runs,19
05-05-2009,2009,Delhi Daredevils,Kolkata Knight Riders,Centurion,Delhi Daredevils,Wickets,9
05-05-2009,2009,Kings XI Punjab,Rajasthan Royals,Durban,Rajasthan Royals,Runs,78
05-04-2009,2009,Chennai Super Kings,Deccan Chargers,Durban,Chennai Super Kings,Runs,78
05-03-2009,2009,Royal Challengers Bangalore,Mumbai Indians,East London,Royal Challengers Bangalore,Wickets,9
05-03-2009,2009,Kings XI Punjab,Kolkata Knight Riders,Johannesburg,Kings XI Punjab,Wickets,6
05-02-2009,2009,Deccan Chargers,Rajasthan Royals,Port Elizabeth,Rajasthan Royals,Wickets,3
05-02-2009,2009,Chennai Super Kings,Delhi Daredevils,Port Elizabeth,Chennai Super Kings,Runs,18
05-01-2009,2009,Kolkata Knight Riders,Mumbai Indians,Johannesburg,Mumbai Indians,Runs,9
05-01-2009,2009,Royal Challengers Bangalore,Kings XI Punjab,East London,Royal Challengers Bangalore,Runs,8
30-04-2009,2009,Chennai Super Kings,Rajasthan Royals,Durban,Chennai Super Kings,Runs,38
30-04-2009,2009,Deccan Chargers,Delhi Daredevils,Centurion,Delhi Daredevils,Wickets,6
29-04-2009,2009,Kings XI Punjab,Mumbai Indians,Centurion,Kings XI Punjab,Runs,3
29-04-2009,2009,Royal Challengers Bangalore,Kolkata Knight Riders,Durban,Royal Challengers Bangalore,Wickets,5
28-04-2009,2009,Delhi Daredevils,Rajasthan Royals,Durban,Rajasthan Royals,Wickets,5
27-04-2009,2009,Kolkata Knight Riders,Mumbai Indians,Centurion,Mumbai Indians,Runs,92
27-04-2009,2009,Chennai Super Kings,Deccan Chargers,Port Elizabeth,Deccan Chargers,Wickets,6
26-04-2009,2009,Royal Challengers Bangalore,Delhi Daredevils,Durban,Delhi Daredevils,Wickets,6
26-04-2009,2009,Kings XI Punjab,Rajasthan Royals,Port Elizabeth,Kings XI Punjab,Runs,27
25-04-2009,2009,Deccan Chargers,Mumbai Indians,Cape Town,Deccan Chargers,Runs,12
24-04-2009,2009,Royal Challengers Bangalore,Kings XI Punjab,Durban,Kings XI Punjab,Wickets,7
23-04-2009,2009,Kolkata Knight Riders,Rajasthan Royals,Durban,Rajasthan Royals,SuperOver,NA
23-04-2009,2009,Chennai Super Kings,Delhi Daredevils,Cape Town,Delhi Daredevils,Runs,9
22-04-2009,2009,Royal Challengers Bangalore,Deccan Chargers,Durban,Deccan Chargers,Runs,24
21-04-2009,2009,Kings XI Punjab,Kolkata Knight Riders,Cape Town,Kolkata Knight Riders,Runs,11
20-04-2009,2009,Royal Challengers Bangalore,Chennai Super Kings,Durban,Chennai Super Kings,Runs,92
19-04-2009,2009,Deccan Chargers,Kolkata Knight Riders,Port Elizabeth,Deccan Chargers,Wickets,8
19-04-2009,2009,Delhi Daredevils,Kings XI Punjab,Cape Town,Delhi Daredevils,Wickets,10
18-04-2009,2009,Royal Challengers Bangalore,Rajasthan Royals,Cape Town,Royal Challengers Bangalore,Runs,75
18-04-2009,2009,Chennai Super Kings,Mumbai Indians,Cape Town,Mumbai Indians,Runs,19
06-01-2008,2007/08,Chennai Super Kings,Rajasthan Royals,Cape Town,Rajasthan Royals,Wickets,3
31-05-2008,2007/08,Chennai Super Kings,Kings XI Punjab,Mumbai,Chennai Super Kings,Wickets,9
30-05-2008,2007/08,Delhi Daredevils,Rajasthan Royals,Mumbai,Rajasthan Royals,Runs,105
28-05-2008,2007/08,Kings XI Punjab,Rajasthan Royals,Mumbai,Kings XI Punjab,Runs,41
28-05-2008,2007/08,Royal Challengers Bangalore,Mumbai Indians,Chandigarh,Mumbai Indians,Wickets,9
27-05-2008,2007/08,Deccan Chargers,Chennai Super Kings,Bangalore,Chennai Super Kings,Wickets,7
26-05-2008,2007/08,Rajasthan Royals,Mumbai Indians,Hyderabad,Rajasthan Royals,Wickets,5
25-05-2008,2007/08,Kolkata Knight Riders,Kings XI Punjab,Jaipur,Kolkata Knight Riders,Wickets,3
25-05-2008,2007/08,Deccan Chargers,Royal Challengers Bangalore,Kolkata,Royal Challengers Bangalore,Wickets,5
24-05-2008,2007/08,Chennai Super Kings,Rajasthan Royals,Hyderabad,Rajasthan Royals,Runs,10
24-05-2008,2007/08,Delhi Daredevils,Mumbai Indians,Chennai,Delhi Daredevils,Wickets,5
23-05-2008,2007/08,Kings XI Punjab,Deccan Chargers,Delhi,Kings XI Punjab,Wickets,6
21-05-2008,2007/08,Chennai Super Kings,Royal Challengers Bangalore,Chandigarh,Royal Challengers Bangalore,Runs,14
21-05-2008,2007/08,Mumbai Indians,Kings XI Punjab,Chennai,Kings XI Punjab,Runs,1
20-05-2008,2007/08,Kolkata Knight Riders,Rajasthan Royals,Mumbai,Rajasthan Royals,Wickets,6
19-05-2008,2007/08,Royal Challengers Bangalore,Delhi Daredevils,Kolkata,Delhi Daredevils,Wickets,5
18-05-2008,2007/08,Kolkata Knight Riders,Chennai Super Kings,Bangalore,Chennai Super Kings,Runs,3
18-05-2008,2007/08,Deccan Chargers,Mumbai Indians,Kolkata,Mumbai Indians,Runs,25
17-05-2008,2007/08,Delhi Daredevils,Kings XI Punjab,Hyderabad,Kings XI Punjab,Runs,6
17-05-2008,2007/08,Rajasthan Royals,Royal Challengers Bangalore,Delhi,Rajasthan Royals,Runs,65
16-05-2008,2007/08,Mumbai Indians,Kolkata Knight Riders,Jaipur,Mumbai Indians,Wickets,8
15-05-2008,2007/08,Delhi Daredevils,Deccan Chargers,Mumbai,Delhi Daredevils,Runs,12
14-05-2008,2007/08,Mumbai Indians,Chennai Super Kings,Delhi,Mumbai Indians,Wickets,9
13-05-2008,2007/08,Kolkata Knight Riders,Delhi Daredevils,Mumbai,Kolkata Knight Riders,Runs,23
05-12-2008,2007/08,Kings XI Punjab,Royal Challengers Bangalore,Kolkata,Kings XI Punjab,Wickets,9
05-11-2008,2007/08,Rajasthan Royals,Delhi Daredevils,Chandigarh,Rajasthan Royals,Wickets,3
05-11-2008,2007/08,Deccan Chargers,Kolkata Knight Riders,Jaipur,Kolkata Knight Riders,Runs,23
05-10-2008,2007/08,Chennai Super Kings,Kings XI Punjab,Hyderabad,Chennai Super Kings,Runs,18
05-09-2008,2007/08,Rajasthan Royals,Deccan Chargers,Chennai,Rajasthan Royals,Wickets,8
05-08-2008,2007/08,Delhi Daredevils,Chennai Super Kings,Jaipur,Chennai Super Kings,Wickets,4
05-08-2008,2007/08,Kolkata Knight Riders,Royal Challengers Bangalore,Delhi,Kolkata Knight Riders,Runs,5
05-07-2008,2007/08,Mumbai Indians,Rajasthan Royals,Kolkata,Mumbai Indians,Wickets,7
05-06-2008,2007/08,Chennai Super Kings,Deccan Chargers,Mumbai,Deccan Chargers,Wickets,7
05-05-2008,2007/08,Royal Challengers Bangalore,Kings XI Punjab,Chennai,Kings XI Punjab,Wickets,6
05-04-2008,2007/08,Rajasthan Royals,Chennai Super Kings,Bangalore,Rajasthan Royals,Wickets,8
05-04-2008,2007/08,Mumbai Indians,Delhi Daredevils,Jaipur,Mumbai Indians,Runs,29
05-03-2008,2007/08,Royal Challengers Bangalore,Deccan Chargers,Mumbai,Royal Challengers Bangalore,Runs,3
05-03-2008,2007/08,Kings XI Punjab,Kolkata Knight Riders,Bangalore,Kings XI Punjab,Runs,9
05-02-2008,2007/08,Chennai Super Kings,Delhi Daredevils,Chandigarh,Delhi Daredevils,Wickets,8
05-01-2008,2007/08,Rajasthan Royals,Kolkata Knight Riders,Chennai,Rajasthan Royals,Runs,45
05-01-2008,2007/08,Deccan Chargers,Kings XI Punjab,Jaipur,Kings XI Punjab,Wickets,7
30-04-2008,2007/08,Delhi Daredevils,Royal Challengers Bangalore,Hyderabad,Delhi Daredevils,Runs,10
29-04-2008,2007/08,Kolkata Knight Riders,Mumbai Indians,Delhi,Mumbai Indians,Wickets,7
28-04-2008,2007/08,Royal Challengers Bangalore,Chennai Super Kings,Kolkata,Chennai Super Kings,Runs,13
27-04-2008,2007/08,Kings XI Punjab,Delhi Daredevils,Bangalore,Kings XI Punjab,Wickets,4
27-04-2008,2007/08,Mumbai Indians,Deccan Chargers,Chandigarh,Deccan Chargers,Wickets,10
26-04-2008,2007/08,Chennai Super Kings,Kolkata Knight Riders,Mumbai,Chennai Super Kings,Wickets,9
26-04-2008,2007/08,Royal Challengers Bangalore,Rajasthan Royals,Chennai,Rajasthan Royals,Wickets,7
25-04-2008,2007/08,Kings XI Punjab,Mumbai Indians,Bangalore,Kings XI Punjab,Runs,66
24-04-2008,2007/08,Deccan Chargers,Rajasthan Royals,Chandigarh,Rajasthan Royals,Wickets,3
23-04-2008,2007/08,Chennai Super Kings,Mumbai Indians,Hyderabad,Chennai Super Kings,Runs,6
22-04-2008,2007/08,Deccan Chargers,Delhi Daredevils,Chennai,Delhi Daredevils,Wickets,9
21-04-2008,2007/08,Rajasthan Royals,Kings XI Punjab,Hyderabad,Rajasthan Royals,Wickets,6
20-04-2008,2007/08,Kolkata Knight Riders,Deccan Chargers,Jaipur,Kolkata Knight Riders,Wickets,5
20-04-2008,2007/08,Mumbai Indians,Royal Challengers Bangalore,Kolkata,Royal Challengers Bangalore,Wickets,5
19-04-2008,2007/08,Delhi Daredevils,Rajasthan Royals,Mumbai,Delhi Daredevils,Wickets,9
19-04-2008,2007/08,Kings XI Punjab,Chennai Super Kings,Delhi,Chennai Super Kings,Runs,33
18-04-2008,2007/08,Royal Challengers Bangalore,Kolkata Knight Riders,Chandigarh,Kolkata Knight Riders,Runs,140